,0
0,0.7511269999999985
1,3.267086000000001
2,-1.0673179999999984
3,13.818843999999999
4,5.982346
5,2.3719443000000004
6,4.083887999999999
7,-1.512801999999997
8,8.901754000000004
9,-2.6262100000000004
10,-2.5981264999999993
11,0.20666900000000155
12,4.573196000000003
13,9.570239999999998
14,-32.625614
15,3.512850000000004
16,-1.4824599999999997
17,-2.8366100000000003
18,-5.946983000000003
19,-7.2245729999999995
20,0.5047146000000002
21,3.3785420000000004
22,2.5850655
23,1.101038
24,1.5852570000000004
25,0.28702000000000005
26,1.7793859999999988
27,1.0119960000000017
28,0.5125542999999997
29,1.4965783000000004
30,-3.498094400000001
31,-0.6727460000000001
32,-2.034319
33,0.10829900000000059
34,3.0415520000000003
35,-0.30345399999999945
36,-1.4546464000000006
37,0.04386800000000157
38,-0.02052440000000022
39,-2.118607000000001
40,-6.507059
41,-4.460242000000001
42,-3.8347539999999984
43,-6.156907
44,1.1402050000000008
45,0.755782
46,-1.5861026999999996
47,3.757937
48,-0.18875069999999994
49,0.1619263000000002
50,-0.10074000000000183
51,16.318910000000002
52,14.141223999999998
53,5.688256000000003
54,10.099008
55,-1.283614
56,-30.681391762999993
57,-2.638717777777778
58,-17.905297777777776
59,-28.842517777777772
60,-17.489049963
61,-0.9751977777777796
62,19.725709000000002
63,-2.9260137000000004
64,16.03399
65,8.732963
66,-10.3977375
67,4.424259
68,-1.1110287000000003
69,4.1385794
70,-10.9076524
71,-4.23231
72,-2.8312825999999998
73,0.10816200000000009
74,-5.80515
75,-3.779968
76,2.8370255999999996
77,5.487527
78,0.5581664999999996
79,2.5177736
80,-7.051646
81,0.7667045999999997
82,-4.662829
83,2.5046739999999996
84,11.167680000000004
85,-22.92580848888889
86,4.03544371111111
87,-8.13756011111111
88,8.773470333333332
89,-7.745421333333331
90,8.354709555555555
91,0.8495947777777797
92,10.732132744444446
93,7.7100498888888875
94,2.330850333333329
95,1.108022
96,22.944743222222222
97,19.265424222222215
98,17.764226222222213
99,0.9965093
100,1.6081162
101,1.80200297
102,-0.15262399999999987
103,9.085343
104,-1.033174
105,1.1333521000000002
106,3.1699734
107,0.1640259999999989
108,6.0318817
109,1.8518264
110,5.961658
111,3.7951137
112,3.021375
113,-4.383210999999999
114,3.7954399999999997
115,7.893678699999999
116,2.764659
117,4.524737
118,2.1510270000000005
119,6.4505743
120,2.9698339999999996
121,2.8270300000000006
122,-8.460534000000003
123,3.1708599999999976
124,-0.2261953000000001
125,3.515267
126,0.7797850000000004
127,-1.0673699999999968
128,-0.7341530000000001
129,-0.4335450000000005
130,2.411472
131,4.214801000000001
132,0.9527479999999997
133,-6.61983
134,-2.871745999999998
135,9.069182000000001
136,-6.958954000000002
137,3.336545000000001
138,1.1146030000000025
139,3.5769454000000005
140,3.424423723
141,-2.6778188
142,-2.0530332999999996
143,9.739684
144,-0.21714225
145,-2.0016621000000003
146,6.2584681
147,-7.210029400000001
148,-0.5509290499999999
149,-1.2547762999999998
150,0.43336299999999994
151,2.9206383
152,1.2123260000000018
153,-7.606627
154,-0.8979594000000004
155,0.8945625000000001
156,-3.607353399999999
157,7.967919
158,6.7022324
159,-3.7886874500000003
160,0.2382200000000001
161,0.9483181
162,4.663805
163,0.7707820000000005
164,2.51174215
165,0.44620550000000003
166,-3.813060399999999
167,-3.1980619999999993
168,1.6585560000000001
169,5.9038784
170,3.2222809999999997
171,-0.8587790000000002
172,5.7578395
173,-4.386676
174,0.7615086
175,-2.903171399999999
176,-5.1639473
177,7.242098
178,-1.3330519999999995
179,-3.7921133000000014
180,3.530493
181,0.21932829999999992
182,-2.7087406000000005
183,0.5794039999999985
184,0.1329127000000001
185,3.2232836000000002
186,-2.1430537999999997
187,4.6782064000000005
188,5.1505309
189,-6.383385299999999
190,-2.258202999999999
191,-6.210875699999999
192,-1.0380769999999995
193,2.721285
194,-1.0238989999999983
195,10.547647300000001
196,1.9420130000000002
197,2.2720640000000003
198,-0.9447096999999998
199,-0.6777935999999998
200,-0.5852070000000014
201,1.7134495999999997
202,-6.685562999999998
203,4.684453000000001
204,5.7183394
205,-1.483927
206,-1.6876409999999993
207,-3.834099
208,2.080814
209,-2.1796439999999997
210,-1.3941003999999992
211,1.6723869999999996
212,-3.891881999999999
213,4.7615349999999985
214,-3.572866000000001
215,-1.6692029999999987
216,-1.7273679999999985
217,-0.5095349999999996
218,-4.6831277
219,0.5038949000000001
220,0.41301500000000013
221,-1.916137599999999
222,-3.359836999999999
223,-2.1751229999999993
224,3.1220289
225,0.9934409999999998
226,0.6221986000000008
227,4.080901
228,-0.1914707
229,5.558249
230,4.389692999999999
231,-1.1968464
232,-1.5509370000000011
233,0.37152200000000235
234,4.088385
235,-1.1353535
236,-8.962767999999999
237,-0.9207520000000002
238,-1.5536280000000007
239,5.0115003
240,-2.7547892999999997
241,10.14634
242,-1.2983889999999985
243,3.1576389999999996
244,-4.1268302
245,2.642225
246,3.927525
247,-4.582346999999999
248,-3.3522867999999995
249,1.4184329999999998
250,2.0302825999999996
251,7.0545655
252,10.4601215
253,3.429345999999999
254,0.8734230000000007
255,-3.1255854000000003
256,-2.112373
257,7.301027
258,2.1775705
259,2.13709
260,0.6156890000000002
261,-0.2081067000000001
262,-2.6777119999999996
263,2.710998
264,-0.22073640000000028
265,2.137822
266,0.7653620000000005
267,-1.9940549999999995
268,-0.10653239999999986
269,1.2363750000000002
270,-3.6339900000000007
271,2.9197904
272,-1.522183
273,1.8992509999999996
274,-2.5683050000000005
275,4.462762
276,-0.39004300000000036
277,3.8030089999999994
278,-0.46126100000000037
279,-19.924350875000002
280,-6.730450000000005
281,-20.392984999999996
282,2.2919079999999994
283,-5.383790000000001
284,-8.848159999999986
285,-1.6367529999999988
286,5.958655199999999
287,14.2922762
288,-3.5267999999999997
289,4.470963000000001
290,2.78454
291,15.234772
292,-6.614719999999998
293,-10.964225999999996
294,8.389972999999998
295,4.0476699999999965
296,7.439050000000002
297,15.4951
298,4.635543999999999
299,-7.165640000000003
300,-12.514039999999994
301,-7.514039999999994
302,-2.4649501111111114
303,-8.506038
304,10.736874
305,-7.136457
306,5.581802000000003
307,13.248351999999997
308,-19.399992777777776
309,-11.195921777777777
310,-7.860602777777778
311,-16.187037777777782
312,-5.041571777777776
313,-6.452483777777779
314,-18.80777277777777
315,-13.335394777777772
316,-13.285639777777781
317,11.71479551111111
318,10.23742472222222
319,-9.926180555555561
320,7.218613222222221
321,-5.0566893
322,-6.7746506
323,-5.3619337
324,-2.7421110000000004
325,8.400542999999999
326,-5.296281
327,5.8707795
328,-1.8224783000000002
329,-0.8728439999999997
330,-3.3308562999999998
331,7.958534
332,2.209147999999999
333,8.142826
334,12.812843
335,4.100110000000001
336,-3.9707700000000017
337,-20.377219111111113
338,-12.530681444444443
339,-16.822025222222216
340,-14.91588022222222
341,-9.067562222222229
342,0.34283673333333287
343,2.565058955555555
344,7.270695777777778
345,3.6025442222222193
346,0.9179791111111104
347,6.272400000000001
348,-7.404286222222222
349,-1.7875167777777783
350,2.5365777777777794
351,7.276709
352,-1.149019555555558
353,-8.969022000000002
354,1.7206978000000002
355,-0.4972814999999997
356,-2.5809584999999995
357,4.153684500000001
358,6.649598000000001
359,-6.2524049999999995
360,2.2228770000000004
361,3.583548999999998
362,-4.094525399999998
363,-3.8089717000000007
364,1.2517055
365,5.096983999999999
366,0.025203999999998672
367,1.2463119999999996
368,-0.4979402000000004
369,-3.2705193999999995
370,1.2722116000000003
371,0.3047720000000016
372,0.21961030000000026
373,4.016047
374,-4.932418999999999
375,-7.156299999999998
376,1.7701660000000006
377,-0.1261990000000015
378,10.1735697
379,2.5159149999999997
380,-2.1296989999999996
381,4.6654849999999985
382,3.35337
383,-0.027318999999999427
384,-6.0348633000000005
385,-5.882778999999999
386,-0.529166
387,0.8272639999999996
388,5.163794999999993
389,-2.306335299999999
390,-0.16625699999999988
391,-0.8945749999999997
392,-5.175821999999997
393,-2.2821154000000003
394,-3.6174480000000013
395,2.8119619999999994
396,-9.935176
397,7.190614
398,-0.3329129999999907
399,-4.8704779999999985
400,-10.217170000000001
401,-3.827008000000003
402,3.2577169999999995
403,-5.215001000000001
404,3.9264263
405,3.0437220000000007
406,5.474865000000001
407,-5.546654999999994
408,19.15831
409,5.029529999999999
410,-1.6257000000000001
411,-9.320276
412,-8.77008
413,2.8704807
414,5.482583000000001
415,-3.0083550000000017
416,2.504658000000001
417,-8.169695000000004
418,-16.138939999999998
419,7.616810000000001
420,1.830406
421,0.1744020000000006
422,-1.327149999999996
423,-8.665933000000003
424,3.72452334
425,3.5529787
426,1.9036489999999997
427,-3.874290000000002
428,16.065402000000002
429,-0.3195028
430,2.980526
431,2.291423
432,-2.277190000000001
433,1.2293904999999998
434,1.5812801999999984
435,-3.5022649999999995
436,8.298117000000001
437,26.916845999999996
438,-40.20327
439,8.437956
440,1.925072000000001
441,4.329911000000001
442,3.343562000000002
443,-1.685518
444,-4.279285000000002
445,9.431350000000009
446,-0.11802999999999031
447,0.9483040000000003
448,0.5070250000000005
449,5.080660000000002
450,3.6605230000000004
451,2.0848913
452,-2.6790760000000002
453,0.012067299999998227
454,2.0035499999999997
455,-0.47624699999999986
456,-2.984997
457,-3.5253560000000004
458,9.260793
459,1.9202769
460,1.8629460000000002
461,1.3818034000000003
462,-5.785705
463,-5.190095000000001
464,-1.1565389999999987
465,-3.254235999999999
466,1.3734709999999999
467,2.3804901000000003
468,0.4298781999999983
469,1.8859152999999989
470,-3.104564999999999
471,2.1235049999999998
472,5.193732999999998
473,-7.274611999999999
474,-7.154699999999998
475,-4.014691000000001
476,-1.7092899999999993
477,5.522789
478,-6.751738999999999
479,-1.7559699999999996
480,0.1790540000000007
481,3.8614292999999997
482,3.9342286
483,0.80335994
484,2.81037565
485,2.8099757
486,0.17701970000000067
487,11.7668
488,2.5086318
489,3.1731233000000003
490,-5.195878100000001
491,1.8317140000000016
492,-1.6712364999999998
493,3.359255
494,2.2124692
495,2.6853274999999996
496,7.83082
497,3.5395269999999996
498,-2.821353
499,4.863359
500,-1.2009834999999995
501,3.022342
502,-2.3146639999999996
503,-3.1815300000000093
504,-15.98302750000002
505,-1.6357018749999952
506,2.2852859999999993
507,1.996806999999997
508,-9.087720000000004
509,-48.245143999999996
510,-16.488890777777776
511,-5.916479777777774
512,6.970555222222224
513,-22.806143777777763
514,5.356398777777779
515,2.115632111111111
516,7.690139111111112
517,9.94187444444444
518,11.94129511111111
519,21.71664277777778
520,15.28389555555555
521,-1.69939677777778
522,1.4243598888888886
523,7.709990000000001
524,-13.920956888888892
525,-9.961160333333346
526,-15.976191777777771
527,-10.80099388888889
528,19.670015222222222
529,-14.143083666666671
530,-16.215305888888892
531,9.968769111111111
532,-0.0142167777777793
533,-1.1145391111111103
534,-6.679055111111104
535,7.404142222222234
536,9.996186222222235
537,-21.809767777777793
538,-3.192424
539,13.591952
540,13.13879
541,1.9080902222222207
542,5.860112888888889
543,9.70652955555555
544,6.354190666666668
545,4.98468455555556
546,10.683390777777781
547,-3.2054981111111047
548,-21.556120777777778
549,-0.8811827777777808
550,-17.520967777777777
551,8.08041211111111
552,15.49906333333333
553,5.9994758888888935
554,-7.97245655555556
555,3.1844666666666708
556,17.88836477777778
557,-3.194678777777778
558,-4.09331111111111
559,7.325019666666664
560,2.5678599999999996
561,-5.60109111111111
562,-24.90469377777778
563,-1.1158524444444389
564,-2.4823496666666607
565,-1.8603141111111121
566,12.199774
567,-5.182142499999999
568,10.8384793
569,15.206656488888889
570,11.919594555555555
571,26.168536555555562
572,14.900399222222223
573,14.961872
574,-4.580089999999998
575,3.6187389999999997
576,3.3950750000000003
577,-6.0284333
578,-11.598842600000001
579,-13.578704
580,5.655607
581,-15.742334
582,15.5265794
583,15.133576
584,3.6058440000000003
585,-5.1341696
586,5.302064
587,-5.5963264
588,12.651924
589,8.583117999999999
590,-18.592104
591,-10.200043
592,-9.632452
593,8.771355
594,13.385788000000002
595,10.955395000000003
596,9.282380000000003
597,10.377538
598,13.568605000000002
599,17.000416
600,-11.885387000000001
601,3.023690000000002
602,-0.7568629999999992
603,-4.498634000000003
604,-10.334783000000002
605,-6.06876907777778
606,0.8813705555555558
607,-2.7877053000000007
608,2.8844635555555556
609,-2.215414666666671
610,-6.83726366666667
611,-4.374816777777781
612,-2.7439660000000003
613,-5.945599
614,12.402872
615,5.380793000000001
616,17.559872
617,6.0311985
618,4.609524
619,-9.694073
620,0.2917229555555556
621,-3.91509616666667
622,-2.27994833333333
623,4.086718333333333
624,2.2197391111111084
625,-8.871557
626,1.2284430000000022
627,-17.10330511111111
628,7.3313021111111105
629,-4.835364555555561
630,19.709472555555553
631,-21.644904888888878
632,-15.22494488888889
633,-15.29161155555556
634,-5.956624333333329
635,3.1745184444444376
636,-3.2699260000000017
637,2.470832888888893
638,-2.7060955555555566
639,-1.3190877777777779
640,-17.36099266666667
641,12.279098444444443
642,5.77909844444444
643,-3.9177859999999995
644,-6.57084877777778
645,7.889371000000001
646,7.3939224810774
647,14.185919129054202
648,12.080973209735003
649,22.599392785801
650,12.6697545077784
651,19.817600509743603
652,-3.8013632353638975
653,0.4683744098700977
654,-7.707993475622814
655,-15.15675286632355
656,-6.750796566581823
657,-10.779984017737263
658,12.87285441221649
659,2.0833454587282993
660,8.3664658206017
661,24.112246768998702
662,17.338004613234496
663,14.361918527078899
664,-10.89259530770547
665,-12.52046375953018
666,-19.575333537262196
667,2.9752689545079996
668,6.435580570580701
669,0.7821039940116989
670,-15.4882791420041
671,-26.465121171962938
672,-22.717088816542393
673,-3.6254953310963955
674,14.903509104294102
675,8.839732144435722
676,-3.622676118032498
677,3.078051423269901
678,-4.1054819324738006
679,-17.095430109772018
680,-13.664614092979878
681,-1.4306993184617696
682,8.0931296645408
683,-0.41491178118280203
684,5.536375517331166
685,-2.724010966466196
686,-0.2514571057074022
687,9.1342442401183
688,-12.361114052883487
689,2.778853518483931
690,-2.961182796204767
691,-0.4002901530513103
692,6.21788823514699
693,3.675705053090688
694,-12.739748305773102
695,-13.47755128499331
696,5.570932343000697
697,-2.5328374475936997
698,5.710746219193499
699,-2.305199403000003
700,-3.6093796920000045
701,15.647269999999999
702,-2.015865000000005
703,5.892024999999997
704,13.316638000000001
705,15.935685999999999
706,36.653937
707,-0.242750666666673
708,-17.78643566666667
709,1.0295607058193994
710,-5.4420176241034
711,-16.31947779589214
712,9.672024
713,3.981026
714,4.712913999999998
715,-9.164031999999999
716,17.522324
717,8.583632999999999
718,-15.556046000000002
719,-38.04115
720,-3.7670838286602013
721,-10.302436330795107
722,-8.145992369367171
723,-16.02706067143879
724,14.281447626731104
725,8.605002035738902
726,13.143107568247604
727,-7.43209377777778
728,-1.8738919999999997
729,6.585246999999999
730,-19.47263777777777
731,-12.914117777777776
732,-38.324553777777794
733,11.746063
734,-7.058098000000001
735,-6.674660000000003
736,3.8152240000000006
737,1.5445439999999984
738,-7.041682999999999
739,9.706873000000002
740,-3.7172550000000015
741,15.526558000000001
742,9.953780000000002
743,10.267760111111112
744,1.9472699999999996
745,-3.733936
746,-10.671177666666672
747,2.1623006666666704
748,11.872928333333329
749,5.396774000000001
750,1.2754329999999996
751,-5.409851
752,-11.50957577777778
753,16.991954444444445
754,-5.044741999999999
755,17.349941
756,-5.714823777777777
757,-6.86819144444444
758,8.429108
759,-9.437483777777778
760,-1.0449017777777811
761,2.9509152222222212
762,-3.5733557777777776
763,-4.527645777777778
764,-4.022471777777778
765,-14.402842777777778
766,-1.647974777777776
767,-6.781740777777777
768,-23.51287377777777
769,-11.751833777777776
770,-9.210687777777771
771,3.331807222222224
772,-4.6141997777777775
773,11.639142222222226
774,-3.9507177777777684
775,-15.508522888888889
776,-9.897411777777778
777,-10.282861111111107
778,15.49491666666667
779,5.828239333333332
780,8.765739444444439
781,4.368067777777778
782,15.167276444444447
783,7.978892999999999
784,16.10268133333334
785,5.680452000000001
786,5.261469999999999
787,-2.4296620000000004
788,-0.6444970000000012
789,-1.7631051111111145
790,9.266586844444443
791,11.233098222222221
792,-6.926663000000001
793,-0.2578029999999991
794,-4.086835999999998
795,1.83425
796,2.996492999999999
797,4.9614153
798,0.7309669999999997
799,-9.333518
800,-2.4849449999999997
801,-6.693695
802,2.5112705
803,1.1192629999999966
804,4.0213280000000005
805,12.900122
806,0.6548459999999992
807,15.028419999999997
808,-8.56482477777778
809,9.84527488888889
810,4.235799999999999
811,4.289719333333333
812,9.791355555555555
813,-1.2704679999999993
814,5.985193000000001
815,2.1867160000000005
816,7.019694999999999
817,-2.0154929999999993
818,12.191372000000001
819,-2.628774
820,-3.917598
821,8.313431
822,-3.147278
823,-2.25150833333333
824,10.115158333333332
825,1.845771544444446
826,7.430453222222223
827,4.139669555555555
828,5.2507806666666665
829,1.5772220000000008
830,0.5772220000000008
831,-0.1142384444444442
832,9.540159
833,7.540158999999999
834,1.240789888888889
835,-0.365396999999998
836,2.907456555555555
837,-3.298730333333328
838,12.15405088888889
839,-9.845949111111107
840,7.709019999999999
841,0.7090199999999989
842,-3.1404570000000014
843,-6.322302999999998
844,-8.007219999999997
845,3.665668
846,3.348637
847,9.406044999999999
848,-4.865239777777781
849,-1.085484166666669
850,9.462211111111113
851,-4.533994
852,-17.930636
853,3.0590477777777796
854,-4.020893111111111
855,15.062152222222219
856,14.963114999999998
857,13.775170000000003
858,2.5727106666666693
859,-1.474898888888891
860,2.6697939999999996
861,-4.783420666666661
862,6.4581951111111096
863,13.706739666666671
864,-1.5509747222222199
865,-9.24409133333334
866,7.360210333333334
867,3.5446954288692005
868,12.5764012662693
869,4.059675649763882
870,15.151884403893003
871,9.178546537171904
872,6.102662657945203
873,-6.605434434255102
874,8.308910316562098
875,-2.3883225588736074
876,18.871232856035203
877,2.1713357760643994
878,21.5758724795848
879,-5.938583428532006
880,1.5047903506610112
881,-20.756426856664596
882,2.009046727325803
883,10.100795087037
884,-2.139610967650057
885,-1.353608423690602
886,-3.582109131200035
887,-2.248356145600539
888,-3.453056
889,-1.1187889999999996
890,-1.0389770000000027
891,0.14763499999999752
892,-2.4781259999999996
893,3.5011219999999987
894,0.40844399999999936
895,-3.82658
896,-0.37000999999999884
897,-2.222543999999999
898,-2.0750470000000014
899,7.812245000000004
900,-1.5161310000000014
901,-27.158447675000005
902,-12.294864700000005
903,-0.6932259999999957
904,-4.831186000000002
905,0.12429500000000004
906,-0.01067800000000041
907,-10.117007999999998
908,-4.042652
909,0.03873399999999805
910,-22.8737
911,14.072395
912,-6.155459999999998
913,5.597499999999997
914,17.068676000000004
915,-4.455544000000003
916,9.700879999999998
917,-20.570999999999998
918,18.254173
919,13.374305999999997
920,17.731899999999996
921,10.270865999999998
922,9.872609999999995
923,11.214565
924,13.624070000000003
925,11.972065
926,-6.3722905555555585
927,9.52240744444444
928,3.25562444444445
929,5.666346666666669
930,7.040581
931,-0.48638488888889064
932,15.121132
933,5.1391896666666685
934,-14.252906555555551
935,15.181392222222225
936,1.8701692222222306
937,12.744712222222223
938,2.617196666666672
939,-6.0412536219226
940,-6.988812971293726
941,-4.322523293350002
942,23.06979973333333
943,-9.306063777777778
944,-21.853915333333326
945,-9.851090777777777
946,-0.8123027777777772
947,15.780356999999999
948,4.1979385555555595
949,5.947792888888889
950,13.40203666666667
951,4.9953959999999995
952,12.274873
953,-12.698361888888893
954,-2.27989488888889
955,-4.430182222222221
956,-5.984071444444446
957,6.726547127403901
958,4.431995726238199
959,-0.579109413246286
960,-5.985619533333334
961,-1.7266604444444447
962,3.541533333333332
963,-6.860847777777778
964,-23.834595
965,-3.237103000000001
966,2.108932000000003
967,16.73003
968,-3.0571800000000025
969,-3.5158229999999975
970,17.311502
971,3.170067000000003
972,-9.363562000000002
973,11.879269999999998
974,-3.4014739999999932
975,9.598526000000007
976,-8.391635811111101
977,-4.570294999999989
978,-12.411788666666661
979,-1.9171517777777716
980,2.4224132222222217
981,4.822493777777781
982,-3.1457939999999986
983,-5.821219999999997
984,-3.7511200000000002
985,10.84495822222222
986,10.926016
987,9.646500666666668
988,11.144274888888889
989,2.416489666666669
990,-2.1809111111111115
991,-4.2919648888888915
992,5.6387118888888885
993,3.0968666666666707
994,0.15247955555555848
995,-7.610257444444443
996,-11.221368555555557
997,-7.528546444444439
998,3.89580283333334
999,-9.775020000000001
1000,-1.917435333333339
1001,-16.270863833333337
1002,1.3360911111111093
1003,5.673369777777779
1004,12.58312311111111
1005,-2.5488524444444494
1006,2.194234222222219
1007,-2.2110790000000016
1008,-0.8300969999999985
1009,-4.639854
1010,11.05828000000001
1011,13.600897
1012,-6.223028000000003
1013,-6.115116999999998
1014,-8.57942744444444
1015,-20.843774444444442
1016,-1.28500288888889
1017,1.4038538888888894
1018,-0.16129699999999758
1019,2.6178966
1020,5.7827787
1021,8.0613084
1022,-8.762267
1023,2.8840819999999994
1024,0.662312
1025,-7.847282
1026,-17.349686000000005
1027,-11.383636
1028,-15.875553
1029,-20.838116
1030,10.475631400000003
1031,-12.124368599999999
1032,15.141803000000001
1033,-15.058197000000002
1034,9.074341999999998
1035,-21.025658
1036,14.959226999999998
1037,-27.440773
1038,12.785353999999998
1039,-26.314646
1040,-8.789762999999999
1041,-6.089763
1042,-14.216797
1043,-14.916796999999999
1044,-10.684516999999989
1045,-3.8845170000000024
1046,3.8138579999999997
1047,4.413858000000001
1048,-3.1446030000000036
1049,1.0553969999999993
1050,-2.1736784444444393
1051,0.58743266666667
1052,3.737722222222219
1053,-2.3511666666666713
1054,-1.7506777777777778
1055,3.5159888888888915
1056,13.78820833333333
1057,14.949319444444438
1058,19.005025
1059,2.6661361111111077
1060,-0.949249
1061,-2.9489990000000006
1062,7.568597666666669
1063,8.618597666666668
1064,-0.8594150000000003
1065,-2.8594150000000003
1066,15.598679
1067,5.598679000000001
1068,-2.658583
1069,-2.887309
1070,7.5139627
1071,9.442544
1072,-1.4987270000000006
1073,2.6092619999999993
1074,-12.2500854
1075,-22.281836
1076,4.153580000000005
1077,9.29155
1078,-6.662489999999991
1079,2.1795299999999997
1080,11.334178999999999
1081,8.039334
1082,7.615234000000001
1083,-10.076223666666671
1084,-3.7658475555555615
1085,10.054519333333328
1086,-2.53204577777778
1087,4.506843111111111
1088,1.9795488888888855
1089,-8.964895555555557
1090,19.109966
1091,10.16552155555556
1092,5.832244222222222
1093,-1.3899779999999993
1094,7.80891444444444
1095,15.893613000000002
1096,-7.806387000000001
1097,-14.061584999999994
1098,2.438415000000006
1099,2.2129628888888924
1100,17.207965129153003
1101,13.440115344990396
1102,7.4670038497595
1103,8.4974033534578
1104,4.8802178106423
1105,2.7933623442814977
1106,-15.290764700857101
1107,-12.074721071828304
1108,-5.07309866844605
1109,-4.2688064520209394
1110,-16.1015481749503
1111,5.474104420926601
1112,5.226872262592501
1113,-9.104988698537177
1114,-0.10397535006870129
1115,-2.188780958838599
1116,17.689593384197405
1117,9.998215475975993
1118,-0.8831497654375013
1119,8.451934450081101
1120,-18.486542775894197
1121,-3.0592078231118975
1122,-2.7854582719741003
1123,17.0371186628336
1124,17.6623269283213
1125,22.9726844561879
1126,3.1830410130000075
1127,-11.974955000000001
1128,0.7176849999999995
1129,-13.067515
1130,4.777045
1131,1.403179999999999
1132,-1.1774699999999996
1133,-1.6976200000000006
1134,-6.245151
1135,-0.956551000000001
1136,-19.484511
1137,-8.939701
1138,0.057143999999999195
1139,-4.152296
1140,-4.684506000000001
1141,4.434086000000001
1142,-5.037154000000001
1143,5.970416
1144,1.1477579999999996
1145,1.685328000000002
1146,-1.0159219999999998
1147,-2.6527519999999996
1148,-11.887304000000004
1149,-7.195464000000005
1150,-6.615013999999999
1151,3.603945999999997
1152,1.5999499999999998
1153,3.4980800000000087
1154,3.020422
1155,0.4062719999999995
1156,-4.811050000000002
1157,-7.800399999999996
1158,0.9722099999999898
1159,-1.1470199999999977
1160,-0.2704599999999857
1161,1.3473800000000153
1162,5.4442699999999995
1163,15.468310000000002
1164,-26.632293999999995
1165,-26.006865000000012
1166,-41.66215477777776
1167,-33.355967777777764
1168,-44.29168977777777
1169,-9.44822977777778
1170,-5.592147777777775
1171,-10.072802777777778
1172,-5.152047777777781
1173,-16.728317777777775
1174,-8.269583777777768
1175,8.250489222222221
1176,23.798712222222235
1177,7.431067222222222
1178,11.00090988888889
1179,1.9715042222222188
1180,12.603289444444442
1181,12.739798777777777
1182,1.3992819999999995
1183,-1.0966707777777778
1184,-10.152226333333328
1185,3.556355
1186,0.5563549999999999
1187,10.907539999999997
1188,-3.4874650000000003
1189,19.348460000000003
1190,29.154830000000004
1191,10.620869999999996
1192,12.632480000000001
1193,31.981921999999997
1194,8.981921999999997
1195,16.677692
1196,22.40748
1197,4.783934000000002
1198,14.125239999999998
1199,-11.593024999999997
1200,-11.106572222222221
1201,-6.72309244444444
1202,-9.137610333333328
1203,-8.205577444444444
1204,-5.836663666666659
1205,1.7577807777777803
1206,-7.399392222222218
1207,-7.93272555555556
1208,6.898169222222219
1209,6.087058111111109
1210,-8.63378333333334
1211,8.97732777777778
1212,6.909653333333331
1213,2.87076444444444
1214,-6.80243033333333
1215,0.9826559999999986
1216,-6.897359222222221
1217,7.029681111111113
1218,12.64384277777778
1219,5.443476777777779
1220,-0.6008418888888905
1221,3.0440514444444418
1222,2.6351795555555615
1223,-5.16567655555556
1224,-9.033363222222219
1225,-20.861141000000003
1226,-0.4009467777777793
1227,-2.7953912222222215
1228,10.072454666666658
1229,-7.388656444444443
1230,3.8750677777777796
1231,-6.56382111111111
1232,9.661413333333336
1233,-6.221919999999997
1234,-2.790554444444446
1235,-5.370913777777778
1236,-3.3390911111111095
1237,3.627630666666672
1238,-13.974731111111112
1239,-20.64139777777778
1240,-21.88086199999999
1241,16.70906433333333
1242,21.873973333333332
1243,20.540302444444443
1244,11.431286555555554
1245,-2.237137777777779
1246,4.7069691111111105
1247,2.853734000000001
1248,-2.543411111111112
1249,1.0445279999999997
1250,19.037067333333333
1251,13.012144444444443
1252,5.311194666666669
1253,-15.183235000000003
1254,-12.183235000000003
1255,-19.689391999999998
1256,0.310608000000002
1257,0.41563933333334546
1258,19.804528222222224
1259,8.620752303570999
1260,-4.233909171514497
1261,-1.4352074686806873
1262,-3.433204
1263,-20.702824944444437
1264,-16.95884388888888
1265,-12.919364666666661
1266,-0.9634677777777654
1267,-24.353687777777772
1268,-14.068693777777781
1269,15.327378222222215
1270,-6.703267777777768
1271,-11.40668377777778
1272,7.677072222222215
1273,12.509892777777779
1274,2.5131515555555595
1275,14.106139444444446
1276,12.81810211111111
1277,-5.267885
1278,-9.48684844444444
1279,-1.949416111111109
1280,10.095879888888888
1281,13.716378888888888
1282,-6.350624
1283,-8.493356
1284,-9.456898
1285,3.099903000000001
1286,3.966937999999999
1287,2.7134399999999985
1288,-5.243749999999999
1289,6.451732
1290,2.72395422222222
1291,12.00918
1292,7.87029111111111
1293,-1.9294867777777789
1294,-1.3739312222222289
1295,-2.9677263333333315
1296,-7.12328188888889
1297,2.506851888888889
1298,1.2846296666666746
1299,-4.65582133333333
1300,9.312717666666666
1301,-2.3641442222222224
1302,0.06996777777777652
1303,-4.2547229999999985
1304,-1.6603591444444445
1305,-3.3974624444444395
1306,-2.735847555555562
1307,-2.1415952222222217
1308,4.594296
1309,2.364942
1310,5.645197
1311,4.2916127777777735
1312,4.236057222222222
1313,-0.45434155555555833
1314,-3.2876748888888905
1315,-8.919231
1316,-3.97478655555555
1317,0.4457393333333286
1318,5.390183777777782
1319,-1.0781466666666706
1320,-1.0670355555555595
1321,-9.690665555555562
1322,-9.679554444444452
1323,-6.840619555555559
1324,-15.718397333333332
1325,14.777701666666658
1326,3.677701666666664
1327,-2.113231666666671
1328,-9.155353111111108
1329,0.3477313333333303
1330,1.3899047777777795
1331,-3.9391479999999994
1332,-15.51853
1333,-2.3800900000000027
1334,-17.114787999999997
1335,6.749041
1336,-10.935745
1337,-0.27236144444443866
1338,14.03672733333333
1339,-6.403103111111108
1340,-5.306952444444441
1341,-5.272361444444439
1342,9.036727333333328
1343,-0.2919920000000005
1344,8.926380888888886
1345,-6.388301
1346,-18.943856555555563
1347,4.015073333333333
1348,-3.646798444444439
1349,-1.54048222222222
1350,11.247646000000003
1351,-1.6945095555555554
1352,17.472157111111112
1353,3.317765999999999
1354,12.317765999999999
1355,-1.6973579999999995
1356,5.710407777777777
1357,5.377216333333332
1358,27.236002
1359,-6.914049333333331
1360,9.885950666666666
1361,-10.54221288888889
1362,9.791120444444445
1363,5.690505555555561
1364,0.6905055555555606
1365,6.855311111111114
1366,-0.36691111111110786
1367,-3.46366933333333
1368,-0.46366933333333016
1369,11.369664
1370,8.050991
1371,-1.1712312222222216
1372,18.999274629437497
1373,-12.010547204778703
1374,-11.224947464993804
1375,-17.842983783791002
1376,-5.11722751583369
1377,1.6004113940653966
1378,14.481412101616261
1379,17.07254848283347
1380,10.901858406020299
1381,-28.5687528781893
1382,-16.261800666522397
1383,-28.846077667827807
1384,-41.057490750622
1385,-27.243594060778598
1386,-28.457277276691407
1387,-21.135323093765606
1388,-10.991411345549295
1389,-12.419804462035714
1390,-3.995207728874501
1391,-13.736818160318599
1392,-14.984045586797908
1393,-5.860362862268818
1394,-2.2704950423815475
1395,3.123806024317499
1396,-2.673015263215497
1397,-10.101796006407199
1398,-17.981754549031297
1399,-8.160316162564591
1400,-22.02667599575765
1401,3.1913774635597036
1402,-7.708769228110189
1403,-8.2514980149414
1404,6.924757465435
1405,10.970920592612597
1406,10.287991162179623
1407,-21.913287645103154
1408,-20.233046206048414
1409,-13.419635975098
1410,0.8218731331801017
1411,-1.3057532485057983
1412,-17.7908481521154
1413,-9.855068999999999
1414,4.9797340000000005
1415,-11.866970000000002
1416,-0.9742449999999998
1417,-4.459905999999998
1418,1.328395999999998
1419,-4.662251000000001
1420,-12.247832999999998
1421,-7.912717999999998
1422,-11.506125
1423,1.1597359999999988
1424,2.575189999999999
1425,-6.139192000000001
1426,-7.500056000000001
1427,-1.2461580000000012
1428,-9.083077
1429,2.8524900000000013
1430,-1.1519733999999993
1431,-2.8082189999999994
1432,-7.882915999999998
1433,-3.4506089999999983
1434,-0.1841399999999993
1435,1.1880800000000065
1436,0.8000869999999987
1437,-5.0778286
1438,-8.726287999999998
1439,1.447853000000002
1440,1.3270300000000006
1441,0.8495963
1442,-7.0561323
1443,-15.514236
1444,-0.8079859999999996
1445,2.0164560000000016
1446,2.2130940000000017
1447,-9.619296000000002
1448,-1.287654999999999
1449,0.4850069999999995
1450,2.098196999999999
1451,-1.2400290000000016
1452,-8.334208587999996
1453,-13.403660963000007
1454,5.8362696999999955
1455,-8.541097500000006
1456,-17.54425119999999
1457,0.310539200000008
1458,-6.312016
1459,9.021645
1460,-9.790073
1461,-6.5644300000000015
1462,6.045789999999997
1463,17.976944000000003
1464,-9.489429999999999
1465,15.769905000000001
1466,35.07473
1467,48.898098
1468,-26.90069077777778
1469,-27.89003677777778
1470,10.849362222222226
1471,21.51122111111111
1472,6.370219777777779
1473,4.00369666666667
1474,8.921706999999998
1475,5.124249333333346
1476,-19.282877777777777
1477,-35.013257777777795
1478,-37.92925177777779
1479,-11.221463000000002
1480,1.9234200000000001
1481,22.300788204357897
1482,9.005701041689
1483,5.902611057864803
1484,4.429048179666097
1485,12.17336511111111
1486,0.062253999999999365
1487,-3.5142818888888883
1488,24.98571811111111
1489,-7.436868333333329
1490,21.00757611111111
1491,-2.0098899999999986
1492,2.363666999999996
1493,2.695149999999998
1494,0.6007099999999923
1495,-1.2654519905234984
1496,-9.687845416475202
1497,-3.0593444547752
1498,17.404483999999997
1499,-0.5315599999999989
1500,-14.924210000000002
1501,-19.409530000000004
1502,46.131096
1503,55.689530000000005
1504,37.242565
1505,-7.924952999999999
1506,-14.49514
1507,40.73976
1508,-28.184505
1509,-15.752767111111112
1510,5.423547555555562
1511,-4.600531111111103
1512,-5.022143333333325
1513,11.518706222222221
1514,14.978699222222218
1515,-2.8394200000000005
1516,8.154335000000003
1517,10.00893
1518,20.41574222222225
1519,-4.332663777777768
1520,11.568544666666671
1521,14.853196111111114
1522,14.123614222222226
1523,-2.4314553333333304
1524,-1.5912483333333292
1525,0.456947555555562
1526,-0.7655241284135883
1527,17.627430666666665
1528,5.6799816666666665
1529,37.691313888888885
1530,-7.473134333333341
1531,-4.309913999999999
1532,7.0004416
1533,7.4957857
1534,4.385564
1535,5.0559263
1536,6.937033
1537,11.206732
1538,3.8960214000000004
1539,8.0478
1540,4.372909999999999
1541,21.427509999999998
1542,11.520432
1543,9.062170000000002
1544,10.09066
1545,13.08034
1546,0.32250000000000156
1547,-4.512222000000001
1548,7.763640000000002
1549,8.714561444444444
1550,3.9504191111111098
1551,-0.9471848888888879
1552,6.0025864444444395
1553,-4.0419979999999995
1554,-3.5100979999999993
1555,-3.5028110000000012
1556,-5.824090999999999
1557,3.8573950000000004
1558,-2.1271210000000007
1559,5.519977000000001
1560,-6.836333
1561,-11.231726
1562,-6.172326
1563,-12.311191
1564,18.77385822222222
1565,19.806444
1566,10.923669555555556
1567,13.423110888888889
1568,-24.24299711111111
1569,-20.965777999999993
1570,14.733625555555562
1571,-26.988596666666655
1572,-5.866382333333329
1573,12.85192588888889
1574,0.6915621111111108
1575,3.357036666666666
1576,-0.8663823333333305
1577,-1.036963
1578,-3.825104555555548
1579,4.395925555555557
1580,-3.6887861111111064
1581,9.70010277777778
1582,9.969914111111109
1583,-29.638381111111116
1584,27.306063333333338
1585,-0.2909994100449005
1586,7.812871174911496
1587,-3.033898275635707
1588,9.4355589056077
1589,2.1027530877519993
1590,6.66384319246
1591,17.0590548147232
1592,39.524834125881604
1593,-3.622071561963999
1594,10.259755535741002
1595,0.799763060384528
1596,7.006533762774744
1597,-1.0314148905895806
1598,-1.4150433197805015
1599,-3.072938351031098
1600,-0.4834669423634921
1601,12.218312363520102
1602,-5.4686819365506985
1603,16.3378354808749
1604,-1.3290841516840999
1605,-4.070836979243417
1606,3.696213855543917
1607,-13.665817076863984
1608,4.6240042842768005
1609,-14.030997557495102
1610,-6.127961427742086
1611,3.2480728
1612,-0.8005671999999988
1613,5.2402328
1614,8.523156
1615,3.542756
1616,-2.0904539999999994
1617,-2.6106040000000004
1618,20.138376
1619,8.507016
1620,-0.7230240000000006
1621,-7.77388
1622,-7.226930000000001
1623,-8.871799999999999
1624,-11.083720000000001
1625,2.9319570000000006
1626,-3.0107929999999996
1627,4.524567000000001
1628,-2.308085000000002
1629,2.190794999999998
1630,-4.589685000000003
1631,2.747124999999997
1632,7.350297999999999
1633,-6.595565999999991
1634,7.479953999999996
1635,1.1244839999999954
1636,13.116953999999996
1637,23.188260000000007
1638,10.467060000000004
1639,9.16546000000001
1640,7.666740000000004
1641,7.107730000000004
1642,-0.6432800000000043
1643,-8.045289999999994
1644,-5.7583899999999915
1645,-6.557259999999985
1646,-5.774159999999995
1647,-16.526399999999995
1648,42.95951
1649,-12.296110777777777
1650,-10.914870777777772
1651,-20.667860777777776
1652,25.85267955555556
1653,-0.19552666666667307
1654,-2.03463288888889
1655,-15.11676222222222
1656,-4.639971111111112
1657,2.4098115555555495
1658,-6.783428888888892
1659,7.865054888888892
1660,6.531721555555549
1661,-10.071163111111112
1662,3.7339272222222215
1663,12.795442444444443
1664,1.3680382222222196
1665,-2.59882411111111
1666,-4.86872988888889
1667,-0.8966817777777791
1668,-2.922222555555564
1669,-2.04326855555556
1670,7.353492333333328
1671,0.21442933333334224
1672,-7.855555888888894
1673,-0.6441607777777776
1674,12.642419222222223
1675,-15.064785777777779
1676,-8.163744777777772
1677,-13.07684277777777
1678,-19.82844477777777
1679,13.507742222222227
1680,-0.7390477777777704
1681,-22.303717777777806
1682,-58.172047777777806
1683,10.296822222222247
1684,2.825205777777779
1685,-5.060709777777781
1686,8.357978666666671
1687,4.468679999999999
1688,14.58146559059055
1689,-2.1409197303374015
1690,7.5812729999999995
1691,13.362793999999994
1692,-0.03847999999999985
1693,-2.21481
1694,4.054645222222222
1695,-19.18066122222222
1696,-8.432872
1697,-4.136357
1698,-2.429743
1699,-11.819402
1700,7.265593000000001
1701,8.035772
1702,2.8927474
1703,0.22082800000000002
1704,1.9994801999999998
1705,-2.7628190000000004
1706,-8.697794
1707,-6.258016
1708,21.055582
1709,-6.237373000000002
1710,2.6707649999999994
1711,4.582941
1712,-7.928122999999999
1713,4.093806000000001
1714,6.819478999999999
1715,12.689003
1716,18.147149999999996
1717,-10.27387633333334
1718,-7.228484999999999
1719,1.9624250000000032
1720,-3.4732699999999994
1721,6.0554599999999965
1722,-4.080080000000002
1723,-10.7911
1724,-20.984829999999988
1725,-43.98482999999999
1726,-10.300099999999986
1727,14.267416999999998
1728,5.011740000000003
1729,-2.7925753333333283
1730,-8.780561111111112
1731,-6.495871111111114
1732,16.24149166666667
1733,5.609115333333332
1734,-4.754204721076201
1735,-9.207123676450998
1736,16.462528662881297
1737,-14.739693448195101
1738,-17.185877156464798
1739,-2.2575209628840014
1740,2.3145339999999983
1741,-3.539776
1742,3.883023999999999
1743,-2.7138349999999996
1744,1.7207250000000016
1745,-4.963274999999999
1746,2.2690149999999996
1747,-7.145332000000003
1748,6.737227999999998
1749,0.47019799999999634
1750,12.293828000000001
1751,20.468829999999997
1752,-24.747420000000005
1753,2.983029333333331
1754,-3.4133640000000014
1755,6.76975355555556
1756,-2.572526222222221
1757,-6.74669733333333
1758,-3.8302464444444517
1759,14.007655555555557
1760,2.4567000000000014
1761,14.678415555555556
1762,-9.850739777777779
1763,2.085398888888893
1764,-8.231164444444445
1765,-4.30374444444444
1766,-24.48094222222222
1767,12.341332999999999
1768,-13.56636000000001
1769,6.341576000000003
1770,6.837868
1771,15.894120000000001
1772,2.093693214587205
1773,-3.2345300000000066
1774,-5.536873
1775,3.8514139999999983
1776,-16.428479999999986
1777,-17.759586333333324
1778,-13.870206333333329
1779,-11.704141555555559
1780,-13.906257777777782
1781,-27.381808555555544
1782,8.858259666666667
1783,16.376777333333333
1784,3.755596666666669
1785,-8.020530666666671
1786,-17.963964444444443
1787,-22.011062333333342
1788,-19.180165555555554
1789,-7.834942000000002
1790,-11.597207999999998
1791,18.78867911111111
1792,9.177230333333334
1793,9.007822777777779
1794,-0.10020977777777773
1795,-7.589436333333332
1796,-1.0199549999999995
1797,-6.502513246222179
1798,6.108631171128792
1799,-7.2230490252338555
1800,-2.63276620322781
1801,-0.366486664390159
1802,5.3539383380238945
1803,-13.6939375710581
1804,-23.538054545705805
1805,-6.564957571058102
1806,13.076511533005792
1807,5.4114892222222215
1808,-11.698654666666656
1809,7.103615711111111
1810,9.236638
1811,6.33794
1812,3.9067700000000016
1813,-3.4935709999999993
1814,-9.297253
1815,-11.102854
1816,3.3160819999999998
1817,3.3631720000000005
1818,-1.2950769999999991
1819,0.07863800000000154
1820,-8.585103
1821,6.278984000000001
1822,10.352961
1823,4.970278
1824,5.231183
1825,-3.786995000000001
1826,-4.8863330000000005
1827,-1.9546739999999971
1828,20.468153
1829,10.116225999999997
1830,20.172935000000003
1831,-18.919516
1832,-15.857399999999998
1833,-22.911249999999995
1834,-6.359745
1835,-11.136333
1836,3.1975979999999993
1837,5.852559999999997
1838,1.2852500000000049
1839,1.0908441111111102
1840,-26.686933666666658
1841,17.617060777777777
1842,15.950394111111109
1843,0.7525040000000018
1844,-8.848969999999994
1845,8.192670353345001
1846,-1.9267026140440962
1847,4.523263761638795
1848,-9.439418908630735
1849,-2.8003745
1850,0.47989722222223463
1851,6.6904424444444395
1852,-0.760852491111111
1853,21.936455555555558
1854,2.8932237444444446
1855,6.654069444444438
1856,1.154069444444449
1857,8.972981111111114
1858,1.7931494444444454
1859,1.7375938888888953
1860,-1.280017777777772
1861,19.216027222222223
1862,-18.40241777777777
1863,31.760365888888888
1864,-4.4383782222222194
1865,-5.7148288888888885
1866,-3.044928111111112
1867,-19.405733333333345
1868,-4.877690777777779
1869,-0.8281981111111101
1870,5.431658222222222
1871,-9.023858222222245
1872,-14.320773333333307
1873,-0.1349693333333306
1874,-1.0429955555555637
1875,-8.052477777777778
1876,-14.55544444444444
1877,-13.82774666666667
1878,-9.398496666666674
1879,-10.2747
1880,-11.777666666666654
1881,-4.938857777777777
1882,-11.620718888888888
1883,6.115203111111111
1884,-7.044431444444438
1885,-11.0753694
1886,1.1563079999999992
1887,8.232939
1888,6.2398869999999995
1889,9.172913
1890,-7.008203999999999
1891,2.0711799999999982
1892,1.4545600000000007
1893,4.6963579999999965
1894,1.4475359999999995
1895,5.304478000000003
1896,10.041736999999998
1897,15.621809999999996
1898,-8.328960000000002
1899,-15.760666
1900,-19.995934
1901,-8.678790000000006
1902,-11.266695555555557
1903,-12.277860555555606
1904,-13.872567222222223
1905,-23.875102888888883
1906,-18.944527222222206
1907,-13.317011666666659
1908,-11.25416211111111
1909,3.7458378888888895
1910,-0.4687735555555612
1911,6.487925000000001
1912,14.531226444444439
1913,-16.845408333333342
1914,-4.321375
1915,-16.44373
1916,-3.8250680000000017
1917,-0.15476000000000312
1918,-2.2865800000000007
1919,-4.608849999999997
1920,-3.1044300000000007
1921,-1.501809999999999
1922,-2.2321699999999964
1923,-3.8031390000000016
1924,-0.8017220000000016
1925,1.717217999999999
1926,11.269928
1927,9.578960000000002
1928,5.115326000000003
1929,-1.9434320000000014
1930,-5.039249999999999
1931,-9.959702
1932,-2.4865799999999965
1933,-8.305099999999996
1934,8.836519999999993
1935,-11.809820000000002
1936,-8.363879999999995
1937,-20.084273999999994
1938,-4.302839333333328
1939,6.497160666666673
1940,1.5932755555555502
1941,-2.132506222222222
1942,-4.33187377777778
1943,16.21172155555556
1944,13.470602777777778
1945,11.756382666666665
1946,10.66812622222222
1947,20.10061044444444
1948,16.553936111111106
1949,12.745533000000002
1950,5.745533000000002
1951,28.1666071
1952,8.019172999999999
1953,-23.06827985917724
1954,-3.1815958547048986
1955,1.3573494588935588
1956,18.306297
1957,4.386862000000001
1958,6.004613333333333
1959,3.2241124444444385
1960,11.9346865971101
1961,2.1902265319119962
1962,4.55440710094274
1963,-1.3852931319536523
1964,16.570818161705
1965,6.226926901153405
1966,6.574338991211299
1967,-20.605730140408497
1968,-1.0854352093704307
1969,-12.991429658994399
1970,-5.672977724753004
1971,2.8914759999999973
1972,-13.455569999999994
1973,20.116010000000003
1974,10.049484000000007
1975,-14.839675999999997
1976,-27.489689999999996
1977,-18.055016000000002
1978,-33.792244
1979,-16.289270000000002
1980,-12.510189999999994
1981,-10.275229999999993
1982,-8.233443777777772
1983,-4.5390777777778055
1984,12.239457222222228
1985,-1.9797858888888893
1986,1.5951918888888876
1987,-1.6078150000000022
1988,10.551385555555555
1989,-3.2744816666666594
1990,2.2180522222222194
1991,-3.153982777777756
1992,-14.939447777777758
1993,-20.63154477777777
1994,-29.295737777777802
1995,-0.17229777777777855
1996,-0.9501361111111102
1997,1.5711444444444425
1998,2.93485444444444
1999,7.343554666666655
2000,-13.172358333333342
2001,-9.539966666666658
2002,-8.731812222222224
2003,-15.434223111111116
2004,4.011354348863023
2005,-2.1616805378244663
2006,-10.23114105373169
2007,2.691311576531902
2008,-9.392656992143003
2009,-0.3134880000000013
2010,-1.1819879999999987
2011,-6.782250999999999
2012,1.2106700000000012
2013,3.1431379999999995
2014,8.22018711111111
2015,4.6853
2016,-16.299688
2017,-12.7196555
2018,-2.8099859999999985
2019,9.978753333333334
2020,17.29988555555556
2021,6.466094444444444
2022,8.312086666666668
2023,0.07766333333334074
2024,14.03831666666666
2025,2.925260222222219
2026,-0.963628666666672
2027,-3.6328519999999997
2028,4.720115777777778
2029,12.102919444444439
2030,12.076604222222219
2031,3.533791666666673
2032,-3.7734766666666673
2033,-1.79655277777778
2034,8.587968333333329
2035,-12.111083888888878
2036,-10.54260166666667
2037,-5.667714777777775
2038,14.131874
2039,9.191158000000001
2040,-2.6024069999999995
2041,-0.7245699999999999
2042,11.412937
2043,16.163889
2044,17.468290000000003
2045,1.6721450000000004
2046,2.209254999999999
2047,-0.7907450000000011
2048,-1.3710180777777774
2049,-3.8857195555555606
2050,4.8365026666666715
2051,-12.12488755555556
2052,-0.7583892222222204
2053,-10.937462222222223
2054,2.6247782222222256
2055,-3.0985502222222223
2056,11.012844111111107
2057,1.2940839999999838
2058,2.4570053333333277
2059,18.790621888888893
2060,2.977417333333328
2061,1.862886555555562
2062,-3.1610450000000014
2063,-0.09152722222221854
2064,0.45527299999999826
2065,13.529553222222223
2066,10.172288333333341
2067,11.575139444444446
2068,-0.10028255555555887
2069,6.478360000000002
2070,-13.278871000000002
2071,-7.349696000000002
2072,-15.214072222222228
2073,-12.380738888888885
2074,-3.7680532222222194
2075,-1.0084519999999992
2076,-1.736120999999999
2077,-0.5710099999999976
2078,3.027895000000001
2079,-1.447229
2080,-5.447853000000002
2081,17.28161
2082,-2.6018815999999996
2083,-2.1723219999999994
2084,-2.5296090000000007
2085,-0.2642749999999978
2086,-14.965215999999998
2087,-17.83788599999999
2088,0.14262160000000002
2089,1.0538760000000007
2090,-1.9508299999999998
2091,-1.8819170000000014
2092,6.298825999999998
2093,6.839736000000002
2094,-9.097636999999999
2095,-25.915580000000006
2096,-1.811945999999999
2097,0.5163450000000012
2098,-0.181677999999998
2099,1.669938000000002
2100,0.8013399999999997
2101,9.7116
2102,3.2854780000000012
2103,0.08968899999999991
2104,5.028371
2105,6.622412000000001
2106,-7.504333000000003
2107,-5.300362
2108,15.950254000000001
2109,-6.305008700000001
2110,-3.6035225000000004
2111,-7.576537999999999
2112,-9.07625199999999
2113,4.7651503
2114,0.5006970000000006
2115,-0.6420819999999985
2116,5.694758
2117,5.747920000000001
2118,-29.786884999999998
2119,1.9431299999999965
2120,6.701598000000001
2121,-2.4465330000000023
2122,3.7986840000000015
2123,1.8531569999999995
2124,1.7990319999999995
2125,-0.702261
2126,1.0050519999999992
2127,2.620942000000001
2128,3.8960779999999993
2129,-1.3438809999999997
2130,7.348846999999999
2131,-4.63138
2132,0.19332600000000078
2133,-1.196257000000001
2134,-2.0613860000000024
2135,-2.044151999999997
2136,-3.323081999999996
2137,-3.0025130000000004
2138,0.4074590000000011
2139,3.2497559999999996
2140,-1.614022000000002
2141,-0.4514099999999992
2142,4.260042
2143,5.498057000000003
2144,-10.481981999999999
2145,-4.243930000000006
2146,-1.7321080000000002
2147,0.8682839999999956
2148,3.5833150000000007
2149,4.070675999999999
2150,5.105260000000001
2151,6.526759000000002
2152,0.4463750000000015
2153,4.047661
2154,14.081210000000013
2155,24.582599999999985
2156,10.502449999999996
2157,-6.873736999999998
2158,-4.772271
2159,14.197360000000003
2160,3.879042499999997
2161,1.4223977000000003
2162,5.8866677
2163,2.9225477000000004
2164,6.6508436
2165,5.6681636
2166,4.1840936
2167,-5.939247
2168,1.8630030000000009
2169,-3.634516999999999
2170,-2.057986999999999
2171,-8.436466999999999
2172,8.640043
2173,-1.1137359999999994
2174,4.711093999999999
2175,-3.272055999999999
2176,0.2811400000000006
2177,-2.52731
2178,-0.8382199999999997
2179,-7.264488
2180,-1.2254879999999986
2181,-3.625007999999987
2182,-6.045968000000002
2183,1.899552
2184,-1.683647999999998
2185,-5.9250180000000015
2186,4.556789999999992
2187,-5.617260000000002
2188,-6.306250000000006
2189,-7.91039
2190,-1.1274599999999992
2191,-5.9918499999999995
2192,-2.836570000000023
2193,-7.385530000000017
2194,-15.684880000000021
2195,-4.666240000000016
2196,-14.484039999999993
2197,15.512805999999998
2198,-9.339849999999998
2199,-25.864059999999995
2200,-21.233477777777793
2201,-0.2484377777778093
2202,-3.021267777777794
2203,-3.3405171111111116
2204,1.691579444444443
2205,0.3237611111111036
2206,2.3625214444444396
2207,-14.451628222222222
2208,-18.308420555555557
2209,-21.34290555555556
2210,-13.254145222222206
2211,-21.900977777777754
2212,-1.8336677777777766
2213,-16.45511577777777
2214,-10.866177777777764
2215,-22.672047777777806
2216,-26.13222777777777
2217,-29.109545777777768
2218,-13.15618777777776
2219,-22.42041777777777
2220,-18.229842777777762
2221,-4.093199666666656
2222,-11.553980555555555
2223,-8.921987333333341
2224,4.99506705555555
2225,0.21749444444444066
2226,-5.133892222222222
2227,-4.2450033333333295
2228,6.723828222222224
2229,-9.05394955555554
2230,-15.57064722222222
2231,-3.1811763333333403
2232,0.5130770000000027
2233,0.6148009999999999
2234,11.713240666666671
2235,-4.395906444444439
2236,-1.1833475555555601
2237,-13.48010766666667
2238,-2.5989788888888903
2239,-20.066558555555552
2240,-0.4543549999999996
2241,8.456499
2242,-4.5991399999999985
2243,-21.397491
2244,-1.8618769999999998
2245,-8.781883
2246,-25.608536
2247,-10.033836
2248,-4.704388000000002
2249,-6.886795000000006
2250,-2.8121299999999962
2251,8.583811
2252,-3.5363879999999988
2253,-5.833748
2254,-6.833748
2255,0.1394839999999995
2256,7.802921000000001
2257,0.8029210000000013
2258,13.377317000000001
2259,17.93367
2260,0.8374209999999991
2261,-3.5934329999999974
2262,8.837420999999999
2263,0.40656700000000257
2264,-0.12319477777777976
2265,2.6485911111111093
2266,16.002443444444438
2267,10.632559999999998
2268,8.798301555555561
2269,0.6283827777777802
2270,3.223484111111105
2271,2.213060666666671
2272,1.3696055555555589
2273,1.0450182222222182
2274,-3.89805044444444
2275,-5.2970611111111054
2276,-13.399426222222232
2277,-4.470406777777779
2278,-8.690232222222221
2279,24.413143999999996
2280,14.573650570064903
2281,-9.547227702674203
2282,7.687524632176249
2283,-0.24907444444443172
2284,3.862036666666654
2285,2.7216000000000005
2286,6.14691
2287,2.22691
2288,3.562715
2289,0.06236499999999978
2290,9.410555
2291,-3.5036449999999997
2292,-0.8336900000000007
2293,-0.3122000000000007
2294,-3.9907700000000013
2295,0.2079500000000003
2296,-6.406492999999999
2297,6.697757
2298,5.169467000000001
2299,-4.253532999999999
2300,-9.087235
2301,13.797794999999997
2302,6.618874999999999
2303,2.9309250000000002
2304,-1.5658299999999983
2305,-6.826059999999998
2306,-3.8903099999999995
2307,7.2096930000000015
2308,-0.10142700000000104
2309,11.976573000000002
2310,11.385402999999997
2311,3.002610000000004
2312,-9.628349999999998
2313,7.79740000000001
2314,5.606766
2315,-0.6160440000000023
2316,0.21614999999999895
2317,-2.488889999999998
2318,-2.336029999999994
2319,-1.321470000000005
2320,-18.333120000000008
2321,-1.370510499999999
2322,5.6301895
2323,-0.8617504999999994
2324,13.174058500000001
2325,16.0135585
2326,-7.520281500000001
2327,-2.7846615000000003
2328,-1.2945905
2329,4.979369499999999
2330,-2.3590105
2331,-7.2152305000000005
2332,-4.0783965
2333,2.3724434999999993
2334,-5.721256499999999
2335,0.24360349999999897
2336,0.6548684999999992
2337,-4.430491499999999
2338,-1.028191500000002
2339,-1.5609275000000054
2340,-2.7807875000000024
2341,-0.08340749999999275
2342,-14.28486749999999
2343,-3.4111074999999857
2344,-8.805107499999991
2345,-1.2275975000000017
2346,7.683482499999997
2347,2.5088025000000016
2348,-7.049739000000001
2349,2.1177670000000006
2350,-12.503666000000003
2351,-8.507064999999997
2352,-3.327446000000002
2353,-3.049180000000007
2354,-33.13378
2355,-9.579025000000001
2356,-19.716179999999994
2357,3.9502609999999994
2358,-7.507064999999997
2359,-3.7161799999999943
2360,5.805954
2361,-9.466459999999998
2362,-5.751441999999997
2363,-3.013897
2364,1.4143799999999942
2365,1.2458514999999997
2366,9.591059000000001
2367,-1.650260000000003
2368,12.022053
2369,16.727528
2370,-3.7849959999999996
2371,12.328986999999998
2372,-13.641174000000007
2373,6.103840000000005
2374,6.171265000000005
2375,9.996357000000003
2376,-22.531677777777773
2377,-14.198344444444444
2378,-14.503136666666691
2379,6.899879744444445
2380,2.3650055000000005
2381,-1.4326739999999987
2382,-9.00118
2383,0.43319940000000035
2384,1.1300709999999992
2385,-11.810801999999999
2386,-24.705635
2387,7.356247000000003
2388,7.239463999999998
2389,12.238579999999999
2390,-9.668415000000003
2391,6.897549999999995
2392,-3.155299999999997
2393,10.157903999999998
2394,5.405506000000003
2395,12.591446000000005
2396,10.819996000000003
2397,9.608252999999998
2398,9.885329999999996
2399,25.5646
2400,-2.323526000000001
2401,12.084502999999998
2402,7.084502999999998
2403,11.116950000000003
2404,10.789071888888888
2405,12.85249977777778
2406,-10.376152222222231
2407,-27.845412555555555
2408,-11.315617
2409,-17.50655155555556
2410,-23.08585411111111
2411,-7.609809222222218
2412,-5.760061444444439
2413,1.9378928888888893
2414,-6.4191874444444394
2415,-12.56536477777778
2416,-8.41368111111111
2417,0.7614236666666585
2418,5.999720666666654
2419,-9.86467444444444
2420,-5.080347777777778
2421,1.3169792222222227
2422,-13.444723777777781
2423,4.313103333333331
2424,-18.298096
2425,-53.83481855555556
2426,18.065968888888886
2427,-8.508583888888893
2428,27.122206
2429,16.5313771516457
2430,8.730526449831597
2431,7.815319957336399
2432,12.438355873472396
2433,1.8136200000000002
2434,-1.311300000000001
2435,3.357989999999999
2436,-5.0180099999999985
2437,1.5221769999999992
2438,0.9993470000000002
2439,-2.1657729999999997
2440,-4.495977
2441,1.9789830000000013
2442,-3.403417000000001
2443,6.321054999999998
2444,2.614345
2445,0.4667449999999995
2446,2.0794549999999994
2447,-2.6240260000000006
2448,-8.368226000000003
2449,-1.4912659999999995
2450,7.230997000000002
2451,4.322046999999998
2452,-5.844361999999997
2453,-1.3215920000000025
2454,-3.8979920000000092
2455,-4.545442000000001
2456,-10.836929999999995
2457,-3.081159999999997
2458,11.275070000000014
2459,0.19777400000000256
2460,6.250174000000001
2461,-4.455249999999992
2462,-6.771460000000005
2463,-0.13768000000001734
2464,-1.0008700000000204
2465,0.7136800000000108
2466,-1.1319599999999923
2467,18.205444
2468,-11.974463999999998
2469,-22.156295999999998
2470,-24.462074
2471,18.349384
2472,-0.33711199999999764
2473,12.789990000000003
2474,28.098979999999997
2475,-12.689970000000002
2476,-9.890987000000003
2477,32.198387
2478,27.679214
2479,-9.875847
2480,-12.92407
2481,15.124153
2482,14.07593
2483,2.4894199999999955
2484,-23.21987
2485,-9.524830000000009
2486,0.18271000000000015
2487,0.3769840000000002
2488,3.1547617777777788
2489,-8.044233333333324
2490,1.604852380666667
2491,17.71896111111111
2492,26.058470777777778
2493,2.3180492
2494,1.2649053333333455
2495,1.7047031111111113
2496,3.6015583333333323
2497,5.894348666666669
2498,-0.8249511111111101
2499,-5.310777
2500,3.8694322222222226
2501,4.257702222222221
2502,2.5467285555555605
2503,5.15365111111111
2504,2.7583211111111083
2505,-6.297853333333343
2506,-4.119938111111104
2507,11.264762222222224
2508,10.305935222222221
2509,-0.7153752222222209
2510,-7.943849555555559
2511,-0.7934596666666565
2512,-1.7422255555555637
2513,-4.048708555555557
2514,-1.8327384444444448
2515,0.3176514444444436
2516,6.485552222222232
2517,1.7380072222222225
2518,11.550954444444443
2519,-12.931271111111108
2520,-3.7742344444444456
2521,-4.81720833333334
2522,-0.0600253333333427
2523,-1.0406380000000013
2524,-0.00023300000000148202
2525,-0.4305999999999983
2526,-6.775184999999993
2527,-8.20207511111111
2528,-45.07340777777779
2529,-19.935987777777797
2530,-19.11224777777781
2531,-19.996209999999998
2532,-7.411987000000003
2533,-8.331890000000001
2534,6.917179999999988
2535,-10.866309999999999
2536,13.913699999999992
2537,15.959230000000005
2538,7.7611399999999975
2539,1.8009400000000113
2540,-5.68777
2541,-1.2412450000000064
2542,-24.412464
2543,-25.798296000000008
2544,-7.4229799999999955
2545,0.06691000000000713
2546,5.823436000000001
2547,5.44850000000001
2548,14.105159999999998
2549,11.45935
2550,-3.802045000000007
2551,-6.150530000000003
2552,25.229439999999997
2553,4.95702
2554,2.850153999999989
2555,-20.18355000000001
2556,0.9876599999999911
2557,-21.990614000000008
2558,-5.733089999999976
2559,-8.469830000000002
2560,-14.486169999999987
2561,-5.118520000000018
2562,-9.863020000000006
2563,7.20886999999999
2564,-9.579580000000021
2565,-2.82559999999998
2566,-7.356200000000001
2567,-14.660160000000019
2568,-3.377129999999994
2569,-6.261310000000009
2570,11.997450000000015
2571,-11.23214999999999
2572,5.087180000000018
2573,-2.472280000000012
2574,28.394900000000007
2575,9.504899999999992
2576,-29.856060000000014
2577,3.746939999999995
2578,-7.223315999999997
2579,-6.39199
2580,-6.519135000000002
2581,-14.435375999999998
2582,-2.623024000000001
2583,-8.116956000000009
2584,-12.295299999999997
2585,-13.146201000000001
2586,-9.678428000000002
2587,-3.793355000000002
2588,-10.228015
2589,-15.976140000000001
2590,-10.135912999999988
2591,-18.947702
2592,-6.456443999999999
2593,-11.229815
2594,-16.807999000000002
2595,-13.721686999999996
2596,-19.080187999999985
2597,-3.6468169999999986
2598,-3.3102499999999964
2599,-23.296633
2600,-28.569280000000006
2601,-12.493920000000003
2602,-16.848026000000004
2603,-8.705750000000002
2604,-16.464078
2605,-6.1171799999999905
2606,0.43182500000000346
2607,-8.276412
2608,-3.5434100000000015
2609,3.9050337
2610,1.3988314000000006
2611,7.2942919999999996
2612,2.0267600000000012
2613,9.025117999999999
2614,7.481593999999998
2615,11.218029999999999
2616,-6.722455000000001
2617,-3.6796240000000004
2618,10.130652999999999
2619,-17.044015
2620,2.426912999999999
2621,6.773837999999998
2622,-2.938759999999995
2623,-12.967545999999999
2624,9.792698
2625,-10.933388
2626,1.8764830000000003
2627,10.855712
2628,2.0624750000000063
2629,7.290486999999999
2630,3.195747000000001
2631,6.744879999999998
2632,4.364174000000002
2633,10.86722
2634,4.130202000000001
2635,-25.203376000000002
2636,0.12861099999999936
2637,0.6584039999999973
2638,-5.265629499999999
2639,-0.7187435000000004
2640,-3.351277999999997
2641,-2.5067950000000003
2642,6.003136999999999
2643,-4.899680000000004
2644,-0.8959859999999997
2645,2.7408779999999995
2646,-1.142335000000001
2647,-3.83033
2648,-5.547675000000005
2649,2.313765000000001
2650,1.3291910000000016
2651,-2.861726000000001
2652,-3.8346350000000022
2653,9.306536999999999
2654,-1.6930479999999974
2655,-1.375789999999995
2656,-3.9063500000000033
2657,0.02576400000000234
2658,0.46327999999999747
2659,2.812450000000002
2660,-1.62012
2661,1.9470799999999997
2662,3.5973670000000055
2663,3.591366999999998
2664,3.646152999999998
2665,-0.911165963000002
2666,4.79396832499998
2667,6.363501425
2668,3.878326425
2669,2.874876425
2670,-1.374850875
2671,-5.581610875000001
2672,3.255244124999999
2673,-3.4106548749999988
2674,6.102795125000002
2675,-4.494504874999997
2676,-1.2651518749999973
2677,2.5048731249999996
2678,-1.8090868749999984
2679,-8.444460874999997
2680,6.962914125000005
2681,5.158249125000005
2682,-9.400666874999992
2683,-6.185191875000001
2684,0.7709331249999991
2685,4.671793125000008
2686,-4.974631874999986
2687,0.20764812500000573
2688,-5.012126875000007
2689,-5.6672818750000005
2690,-1.7564518750000104
2691,-5.242501875000002
2692,-0.4594368750000086
2693,-7.312486875000005
2694,0.21849812499999643
2695,-10.190641874999997
2696,-12.485746875000004
2697,-3.377686874999995
2698,6.535410000000002
2699,0.3273400000000066
2700,2.9584799999999944
2701,-1.8832100000000054
2702,-6.279079999999993
2703,-12.219509999999985
2704,-3.7633799999999837
2705,-18.126220000000004
2706,4.2297300000000035
2707,16.685280000000006
2708,11.361360000000005
2709,6.715739999999997
2710,-14.483220000000003
2711,-5.333960000000005
2712,-28.926209999999998
2713,-5.049872444444439
2714,-0.9873362222222184
2715,3.793937999999997
2716,-1.2964388888888863
2717,-17.09844733333334
2718,-19.213105555555558
2719,8.477234111111109
2720,7.545955555555558
2721,8.043322222222223
2722,14.032789666666659
2723,12.659988888888897
2724,1.726860000000002
2725,17.492919999999998
2726,12.044330000000002
2727,9.659059999999997
2728,3.915850000000006
2729,-17.227109999999996
2730,-14.117595000000001
2731,-31.403095
2732,-19.342336000000003
2733,6.271305999999996
2734,5.7508900000000125
2735,-8.688330000000008
2736,-9.147890000000004
2737,-14.34511400000001
2738,-38.96948999999999
2739,37.48801
2740,21.608970000000014
2741,7.526300000000006
2742,-13.611236666666656
2743,4.218148111111105
2744,10.05103888888889
2745,9.272831
2746,-5.171613444444439
2747,14.670703888888891
2748,15.54843555555556
2749,1.3373705555555588
2750,20.54843555555556
2751,20.49382777777778
2752,35.49382777777778
2753,-4.265975888888889
2754,-7.317180000000008
2755,1.829573
2756,-9.768871
2757,-3.4311560000000014
2758,-15.163387666666658
2759,-9.052213333333341
2760,-5.50914111111112
2761,1.3000695555555595
2762,5.673588222222222
2763,9.646749555555559
2764,-0.9221526666666549
2765,-6.548634
2766,3.5356384444444444
2767,-15.955749999999995
2768,15.837760000000003
2769,11.359504999999999
2770,13.563119999999998
2771,7.635803000000003
2772,24.867440000000002
2773,10.330699999999993
2774,-5.287043000000001
2775,8.36719
2776,1.1626700000000056
2777,-5.653552000000005
2778,-11.60393477777778
2779,5.427562222222221
2780,3.1149222222222193
2781,10.915512222222233
2782,22.532036222222224
2783,20.60667222222223
2784,19.0234422222222
2785,8.457819999999998
2786,1.9911150000000006
2787,22.109759999999994
2788,-7.167939444444443
2789,-4.844216666666654
2790,2.3431866666666537
2791,4.209561111111107
2792,-4.945717222222221
2793,-3.7331055555555537
2794,4.009853333333339
2795,-16.71821666666667
2796,-3.5469448000000057
2797,-29.88545611111111
2798,-13.235983777777761
2799,-37.545745555555484
2800,-13.054503999999994
2801,0.21266477777777837
2802,-11.483044222222219
2803,13.629571777777777
2804,11.323775888888889
2805,10.739178000000003
2806,11.285127333333328
2807,1.0003460000000146
2808,20.413269999999997
2809,-0.427875555555552
2810,-15.625500222222222
2811,-10.41732222222221
2812,-10.97963966666666
2813,-17.367257222222236
2814,7.902482222222233
2815,-2.1442189999999997
2816,4.40822
2817,6.196641111111113
2818,20.108443806721453
2819,12.494655872928227
2820,-1.175336423885362
2821,-26.301344977157783
2822,-3.9026639999999997
2823,-6.452697999999998
2824,-0.3464570000000009
2825,1.384087000000001
2826,7.264719999999997
2827,-1.8334660000000014
2828,3.432940000000002
2829,9.046047000000002
2830,1.7744670000000013
2831,8.521575999999996
2832,1.9143100000000004
2833,-8.871989777777785
2834,0.4563348888888896
2835,0.6411077777777763
2836,-2.3735128888888894
2837,-11.498113333333293
2838,-15.451502222222217
2839,-21.570314999999997
2840,-14.811246888888888
2841,13.96857388888889
2842,1.0220864444444544
2843,-22.559296000000003
2844,-0.5592960000000033
2845,-0.12560111111110928
2846,-11.903378888888888
2847,8.342669999999998
2848,-6.0794600000000045
2849,57.160236
2850,40.90925222222222
2851,-16.43593
2852,5.10132999999999
2853,-2.1575226111111103
2854,-0.25766533333333186
2855,3.2002142222222147
2856,-33.468607777777805
2857,18.207201555555557
2858,16.066511555555557
2859,18.439088333333345
2860,17.582657222222224
2861,14.220381777777781
2862,12.307618444444444
2863,13.614943999999994
2864,4.208753333333334
2865,4.757742000000002
2866,-2.8483529999999995
2867,5.302374444444446
2868,-0.6585418888888892
2869,-11.214105555555559
2870,3.2607811111111147
2871,-4.262072222222223
2872,-21.267460222222233
2873,10.173248888888892
2874,8.727940000000004
2875,12.444760000000002
2876,-18.941511555555557
2877,6.871766666666659
2878,-6.729885555555555
2879,3.359021111111119
2880,8.98148333333333
2881,12.511430000000004
2882,19.068365
2883,15.645505333333325
2884,9.412378444444442
2885,14.76474133333334
2886,1.5641666666666723
2887,3.68327711111111
2888,-1.123757222222224
2889,13.318693666666668
2890,4.554187777777777
2891,9.702174888888887
2892,-0.7123655555555501
2893,-3.846600555555547
2894,0.7354744444444563
2895,1.8099453333333457
2896,-4.613711111111115
2897,-9.70241
2898,1.6735866666666652
2899,4.485243333333344
2900,-14.53865888888889
2901,-9.614716666666695
2902,7.6935688888888905
2903,-6.998347777777774
2904,-17.19808888888889
2905,-4.162576666666695
2906,-6.546811111111097
2907,-2.0476844444444424
2908,4.12632656
2909,-3.87711666666668
2910,5.195082033333333
2911,7.653047777777779
2912,-5.476307777777777
2913,-1.6783599999999979
2914,0.0033622222222220444
2915,-4.386381111111113
2916,6.296019999999999
2917,1.0627177777777774
2918,-2.2306199999999876
2919,14.66856411111111
2920,14.540591111111105
2921,5.985022222222227
2922,4.162702222222222
2923,12.500676222222225
2924,9.250346666666658
2925,10.354681777777778
2926,14.838716333333345
2927,5.311891111111109
2928,14.269540444444445
2929,15.22659177777777
2930,20.52765022222222
2931,17.764694000000006
2932,11.063895555555561
2933,-1.155789999999996
2934,-9.713270000000001
2935,-17.212708
2936,-10.928764000000001
2937,-12.907039999999995
2938,-7.454449999999994
2939,-0.1677399999999949
2940,-7.420240000000007
2941,-15.953384
2942,-3.6932999999999936
2943,0.17818499999999915
2944,-6.9864100000000064
2945,-10.863499999999988
2946,-11.956000000000003
2947,-8.675690000000003
2948,-18.623439999999988
2949,5.043999999999997
2950,-12.623439999999988
2951,-26.08114577777777
2952,-10.034417777777776
2953,-8.369387777777774
2954,-13.93765177777776
2955,-7.7481977777777615
2956,-21.502997777777793
2957,-6.378327777777798
2958,2.979472222222199
2959,7.743842222222213
2960,3.841713000000002
2961,-0.982565000000001
2962,-4.1372202222222185
2963,4.516106999999998
2964,-4.238268888888875
2965,-2.430494777777767
2966,-2.8229988888888897
2967,-9.657110777777781
2968,-0.8438584444444359
2969,0.8119348888888922
2970,-2.792416111111116
2971,1.9698455555555512
2972,-5.518241111111109
2973,-6.0954115555555575
2974,15.54528888888889
2975,-11.765131111111117
2976,10.537398888888887
2977,-7.970090555555558
2978,-4.5065792222222285
2979,-5.923929999999999
2980,-13.224815
2981,-3.100436666666667
2982,-1.920118444444455
2983,-0.6620888888888743
2984,9.368933333333331
2985,-13.188125555555544
2986,16.770373333333325
2987,9.39829222222221
2988,7.224705
2989,-14.995755111111109
2990,2.131594666666672
2991,-3.7116366666666565
2992,-1.206769333333341
2993,0.33406244444444155
2994,-4.96776222222222
2995,-6.0399195555555565
2996,7.843648333333341
2997,3.1104319999999994
2998,-3.648536
2999,-10.001131999999998
3000,-6.008561999999998
3001,4.138017000000005
3002,1.0137159999999952
3003,-1.5087799999999874
3004,2.0017500000000013
3005,-7.995067999999998
3006,-0.5145739999999996
3007,-1.5407980000000023
3008,-3.301249999999996
3009,-5.853694000000004
3010,3.8791500000000028
3011,-0.33803299999999936
3012,2.454495999999999
3013,-3.2899700000000003
3014,0.49860999999999933
3015,1.1515400000000042
3016,0.9743899999999996
3017,4.9993300000000005
3018,3.850190000000005
3019,-6.84357
3020,-6.13644
3021,-2.4006399999999957
3022,-4.768523999999999
3023,-4.054659999999991
3024,1.7617410000000007
3025,0.1345280000000031
3026,-1.7992640000000009
3027,6.626487000000001
3028,-0.3806777777778052
3029,-19.95005888888889
3030,-18.7131777777778
3031,-9.8869411111111
3032,7.6881944444444414
3033,5.620546022222222
3034,-7.369511111111109
3035,22.97053107777778
3036,-7.89362277777775
3037,-6.800917777777755
3038,-20.852297777777807
3039,-34.85229777777781
3040,-22.4975077777778
3041,-28.4975077777778
3042,14.485039555555561
3043,15.95010822222222
3044,-2.1929236666666583
3045,22.30070777777778
3046,11.04068782222222
3047,-5.359676666666672
3048,-18.376689999999996
3049,-7.013084000000006
3050,-0.3308099999999996
3051,-0.9123400000000004
3052,1.6418899999999894
3053,26.336600000000004
3054,27.651275999999996
3055,25.833754999999996
3056,31.139039999999994
3057,36.21485999999999
3058,0.39558522222222336
3059,8.095301666666671
3060,-3.352086666666679
3061,-6.435310000000001
3062,-6.656845000000004
3063,-14.516631111111082
3064,-7.743627777777789
3065,10.118013333333337
3066,-3.0837555555555554
3067,5.543588888888891
3068,0.21439888888889413
3069,-2.765320000000017
3070,-5.967088888888895
3071,-14.561966666666692
3072,0.9643988888888941
3073,8.699430000000007
3074,9.699430000000007
3075,0.3788899999999984
3076,-8.621110000000002
3077,-18.89428464299999
3078,9.336082222222224
3079,-20.230850000000004
3080,2.469945555555597
3081,-22.21092477777777
3082,-18.573166
3083,-18.927291111111103
3084,0.007824444444439749
3085,-11.854315555555559
3086,4.167627777777781
3087,-6.723205555555552
3088,3.8365777777777907
3089,-17.46542666666666
3090,-3.49903888888889
3091,-24.778761111111095
3092,-10.163422222222195
3093,-9.532947999999998
3094,-5.4084100000000035
3095,6.472634333333328
3096,-8.644830444444445
3097,-0.5849216666666592
3098,-3.319394444444441
3099,-1.461012777777782
3100,-4.985171111111114
3101,-4.602423333333334
3102,-5.740704000000001
3103,-3.309353333333341
3104,8.684455999999997
3105,3.005655555555556
3106,8.045134777777776
3107,-17.50392777777776
3108,11.738753333333321
3109,6.2751282222222216
3110,8.56721377777778
3111,7.934548111111106
3112,1.5452227777777807
3113,16.88061633333333
3114,5.784302222222223
3115,1.3927444444444532
3116,2.640536333333337
3117,-7.549279333333345
3118,6.008237777777765
3119,-1.426117777777776
3120,-8.416429999999998
3121,-8.340188333333344
3122,-4.302836666666657
3123,4.350396444444442
3124,-10.237311777777776
3125,-2.9097561111111077
3126,-1.5291492222222232
3127,23.195003333333347
3128,-7.955204111111108
3129,-15.556272222222233
3130,1.95649111111112
3131,-0.04624444444444009
3132,-1.606672555555555
3133,2.811491777777782
3134,3.5345628888888854
3135,-0.5115344444444361
3136,1.2662433333333496
3137,1.8842620000000014
3138,-3.2375560000000014
3139,-2.275098
3140,2.4490100000000012
3141,-1.198424999999986
3142,2.922719999999998
3143,-0.16020000000000323
3144,-7.653189999999995
3145,-3.1498670000000004
3146,-6.452879999999997
3147,-8.405429999999996
3148,2.8973919999999964
3149,-2.3872599999999977
3150,1.365700000000004
3151,-3.7704459999999997
3152,-4.62397
3153,1.7977869999999996
3154,0.11006000000000427
3155,-1.6014899999999983
3156,13.335740000000001
3157,-9.436756000000003
3158,-3.433399999999992
3159,-1.5968999999999909
3160,7.3302149999999955
3161,2.207478000000002
3162,-9.532039999999995
3163,0.6452150000000003
3164,4.938893999999998
3165,1.704180000000001
3166,1.4976040000000026
3167,-3.525439999999989
3168,-12.219659999999976
3169,3.4916099999999943
3170,4.438220000000015
3171,-3.311486000000002
3172,-1.1086120000000008
3173,-12.789160000000003
3174,0.9191799999999972
3175,9.064000000000007
3176,0.7787700000000086
3177,7.737470000000002
3178,10.544020000000003
3179,15.71109312499999
3180,-11.214751999999997
3181,17.162010000000002
3182,-2.557507000000001
3183,1.9366440000000011
3184,7.6353599999999915
3185,5.475260000000006
3186,6.63485
3187,0.5276860000000028
3188,-1.685257000000007
3189,-11.904173
3190,-9.469482999999997
3191,-2.6254319999999964
3192,-1.3489870000000153
3193,-4.058909999999997
3194,3.0895400000000137
3195,6.847171999999997
3196,17.71421
3197,-2.0760799999999904
3198,-7.28455000000001
3199,-9.890199999999993
3200,0.24397000000001867
3201,4.29101
3202,-4.581384
3203,18.986355000000003
3204,4.542545000000004
3205,-1.224375000000009
3206,5.563299999999998
3207,2.4714799999999997
3208,-0.19483999999999924
3209,-2.724410000000006
3210,6.749650000000003
3211,4.219920000000016
3212,1.4091099999999983
3213,-15.10356999999999
3214,-5.470929999999996
3215,-9.508613999999994
3216,1.626649999999998
3217,-0.3807999999999936
3218,12.060776000000004
3219,6.797066000000001
3220,9.219124
3221,1.7687150000000003
3222,-6.231285
3223,2.0063499999999976
3224,4.045879999999997
3225,-7.086520000000007
3226,-13.968320000000006
3227,-1.7221577777777668
3228,20.404397222222222
3229,-7.730217777777767
3230,9.630035
3231,-11.013565111111106
3232,4.350392222222219
3233,-22.763777777777804
3234,-36.69434777777779
3235,-20.428417777777796
3236,-18.586357777777806
3237,2.850322222222232
3238,-7.535870000000003
3239,3.360673333333324
3240,10.516442222222224
3241,2.3975022222222293
3242,-1.0679922222222231
3243,-2.2614248888888895
3244,5.8854127777777805
3245,-10.393427555555558
3246,-6.116697444444444
3247,-16.118456666666674
3248,-17.979540000000014
3249,-2.8240277777778005
3250,-2.7198688888888967
3251,-4.675806666666702
3252,-0.9415655555555986
3253,-10.461567111111108
3254,-9.539749999999998
3255,-5.6482639999999975
3256,-11.716003000000004
3257,-8.453629999999997
3258,-0.9954040000000006
3259,-2.590626999999998
3260,-3.7944689999999994
3261,-8.625502999999998
3262,-7.892240000000001
3263,-2.5063200000000023
3264,-3.464217999999999
3265,-3.311204
3266,-2.5927029999999966
3267,-4.677240000000005
3268,-12.06617
3269,-10.925790000000006
3270,-7.579076000000001
3271,-13.983732000000003
3272,-8.44106
3273,0.3069199999999981
3274,2.1741990000000015
3275,-1.5605600000000024
3276,-5.442050000000002
3277,0.5797749999999979
3278,11.282889999999995
3279,2.1770820000000004
3280,2.9029140000000027
3281,-4.720829999999999
3282,2.6908499999999975
3283,0.7016310000000026
3284,-5.984623999999997
3285,4.524279999999997
3286,-1.9326760000000007
3287,-3.713560000000001
3288,1.8872240000000033
3289,0.7721799999999917
3290,-6.245733999999999
3291,-4.773631999999999
3292,14.308253
3293,4.48339
3294,10.339707236999999
3295,-34.93129999999999
3296,-19.257580000000004
3297,-22.029399999999995
3298,-16.1015
3299,2.3695450000000022
3300,4.24405999999999
3301,2.5400999999999954
3302,29.196715777777776
3303,25.645587777777784
3304,5.286186375555555
3305,-14.076235555555556
3306,12.402118888888886
3307,-5.38501222222223
3308,12.057762444444444
3309,7.712830666666671
3310,-16.400313777777768
3311,0.7448636666666602
3312,6.645477777777778
3313,-9.072317777777755
3314,10.39331
3315,1.5595862222222223
3316,-3.6269955555555597
3317,-9.005196222222239
3318,-23.16322155555548
3319,-12.968167777777794
3320,-17.50414888888892
3321,-30.42136276299999
3322,-16.723941111111117
3323,-12.305807777777801
3324,-8.382732222222202
3325,-9.612888333333302
3326,-21.508684777777773
3327,-7.310295
3328,-10.456475111111118
3329,-7.657556666666679
3330,-26.802803333333316
3331,7.045253333333335
3332,-9.695494444444442
3333,8.496614444444447
3334,-10.582165555555562
3335,3.234191111111116
3336,-32.6399144444444
3337,-14.758738888888885
3338,-20.81364599999999
3339,-2.9294340000000005
3340,-4.683030000000002
3341,-3.414529999999999
3342,-2.746859999999984
3343,-2.69442022222222
3344,-3.851061888888893
3345,-4.97751777777777
3346,13.342613777777771
3347,4.996170000000006
3348,13.584618222222218
3349,10.621210666666656
3350,20.046011555555552
3351,2.9495477777777666
3352,-7.125262999999997
3353,-52.03448
3354,-32.42225000000002
3355,9.69482
3356,4.714074
3357,1.282204000000002
3358,-2.9957279999999997
3359,-0.7664030000000004
3360,8.577640000000002
3361,4.50412
3362,6.4243140000000025
3363,10.594410000000003
3364,7.093038999999999
3365,2.5761009999999995
3366,-2.8576200000000007
3367,5.906226
3368,4.712520000000001
3369,8.4067
3370,7.039314000000001
3371,6.055753999999999
3372,-4.112413000000002
3373,-1.8323100000000032
3374,8.326875000000001
3375,7.849489000000002
3376,-4.16572
3377,5.371423
3378,5.500500000000002
3379,7.067442999999997
3380,4.362257
3381,6.83896
3382,-0.46475300000000175
3383,9.003232999999998
3384,3.8634860000000018
3385,13.780958
3386,1.9941320000000005
3387,9.760009999999998
3388,10.309450000000002
3389,5.1278760000000005
3390,4.506364000000001
3391,4.608716000000001
3392,4.492483
3393,1.9806999999999988
3394,2.1193099999999987
3395,-2.370344999999986
3396,2.2459850000000046
3397,10.324990000000014
3398,5.946038000000001
3399,5.108179000000002
3400,-2.1982499999999945
3401,-6.261687000000002
3402,-7.120613999999989
3403,-5.63176
3404,-7.34402
3405,3.9755939999999974
3406,8.293451999999998
3407,11.177776999999999
3408,-2.3757399999999933
3409,2.003073999999998
3410,0.7807900000000103
3411,17.28882
3412,-8.610340000000008
3413,-8.226400000000012
3414,4.946625000000012
3415,2.2382100000000094
3416,2.180202999999999
3417,-6.794364000000002
3418,-18.772879999999994
3419,3.7649800000000084
3420,6.759890000000006
3421,-1.6139399999999995
3422,11.408651999999996
3423,-2.760211999999999
3424,-4.668365999999999
3425,-6.278909999999996
3426,4.24306
3427,8.442619999999991
3428,3.5404100000000085
3429,-6.6849900000000275
3430,15.632020000000011
3431,-2.8293730000000004
3432,-1.671470000000003
3433,-0.9406099999999853
3434,-7.7013199999999955
3435,-9.29904000000002
3436,-11.361520000000013
3437,-19.256460000000004
3438,2.002618000000002
3439,1.182665
3440,-3.3457700000000017
3441,-6.141115999999997
3442,0.6148900000000026
3443,14.777474999999995
3444,5.531810000000007
3445,-13.999439999999993
3446,-21.71207000000004
3447,-4.783209999999997
3448,2.7955300000000136
3449,-1.4252800000000008
3450,-25.270179999999982
3451,-12.795609999999996
3452,-5.955539999999985
3453,3.9032300000000077
3454,9.99530999999999
3455,3.7544650000000033
3456,4.899724000000006
3457,9.233728
3458,4.888079999999988
3459,-4.970259999999996
3460,1.9424799999999998
3461,-2.042087000000002
3462,-3.631044000000003
3463,-3.182230000000004
3464,-0.6845599999999976
3465,0.4561199999999985
3466,3.38467
3467,4.214756000000001
3468,10.988550000000004
3469,-2.1476000000000113
3470,1.4621599999999972
3471,5.168849999999999
3472,-2.1961399999999998
3473,6.098870000000005
3474,0.7683970000000002
3475,-0.24777999999999878
3476,-2.2961279999999995
3477,2.300460000000001
3478,1.4902900000000017
3479,0.6526079999999936
3480,-0.2165200000000027
3481,3.9968199999999996
3482,0.7288740000000011
3483,0.7662420000000019
3484,-3.3969900000000024
3485,2.4941049999999976
3486,4.6212599999999995
3487,-3.1277900000000045
3488,2.5883699999999976
3489,-2.173203000000001
3490,4.21138
3491,-3.9508650000000003
3492,3.3909299999999973
3493,8.17982
3494,1.5535000000000139
3495,0.8541950000000043
3496,-1.5914979999999943
3497,3.1131300000000124
3498,0.3092840000000052
3499,11.30924000000001
3500,-3.743929999999999
3501,-10.893319999999996
3502,-1.941670000000002
3503,8.664939999999994
3504,2.01305
3505,0.4977840000000029
3506,7.3627500000000055
3507,-28.188104563000024
3508,10.961088691999976
3509,9.406478799999988
3510,13.300758888888879
3511,0.28539666666668495
3512,-3.834530000000001
3513,13.564845
3514,29.009449
3515,-11.468952000000002
3516,1.3345599999999962
3517,0.31212999999999624
3518,1.3121299999999962
3519,5.312129999999996
3520,18.97471999999999
3521,-5.552908888888908
3522,-12.233133333333285
3523,-5.759004444444514
3524,0.8687066666667249
3525,9.332865555555557
3526,-9.480366666666683
3527,11.747074444444436
3528,8.39940555555556
3529,-15.728874000000005
3530,-12.380478888888916
3531,-4.508247777777797
3532,0.42602111111110474
3533,-3.1086729999999996
3534,-1.3131469999999972
3535,-0.11755999999999744
3536,-12.373287000000005
3537,5.6993420000000015
3538,8.154479999999992
3539,0.9089850000000013
3540,-2.0788319999999985
3541,0.19297200000000103
3542,-4.757667999999999
3543,5.644500000000001
3544,3.1006869999999935
3545,2.635319999999993
3546,3.2389299999999963
3547,9.179350000000003
3548,1.5942429999999987
3549,-8.479374999999997
3550,-2.4552499999999995
3551,-0.3114299999999943
3552,5.3967620000000025
3553,8.027299999999997
3554,0.10981999999999914
3555,-2.3476500000000016
3556,-0.4598399999999856
3557,5.007769999999994
3558,-5.297173000000001
3559,-4.173129999999986
3560,4.757108000000002
3561,10.247100000000003
3562,5.639876000000001
3563,2.230674999999998
3564,-15.921504768000005
3565,7.441905888888897
3566,-8.965904111111087
3567,10.651252888888898
3568,15.29306622222223
3569,-15.539838444444428
3570,0.8699748888888976
3571,-11.613228111111091
3572,-2.01537811111109
3573,6.11309422222223
3574,16.51227755555557
3575,2.0549625555555693
3576,-5.631357444444426
3577,1.695878888888899
3578,-10.0748011111111
3579,4.838405555555568
3580,5.49434222222223
3581,-6.772212777777767
3582,2.7767205555555705
3583,4.404202222222224
3584,-1.10593111111109
3585,-16.655577777777808
3586,-6.3750044444444
3587,1.6189755555555934
3588,5.920415555555593
3589,0.6738638888889028
3590,4.368947222222204
3591,-5.8813029999999955
3592,10.622987000000002
3593,-6.1742399999999975
3594,-2.4813900000000046
3595,-6.198910000000012
3596,6.487639999999999
3597,-2.6776299999999935
3598,3.7774200000000064
3599,-4.05856
3600,-3.2979100000000017
3601,-18.773287777777824
3602,-7.4285977777778385
3603,-7.299047777777787
3604,-8.669277777777836
3605,-29.56219777777784
3606,5.793635555555554
3607,1.9395822222222279
3608,-14.316308222222247
3609,-1.5785977777778015
3610,-4.831857777777799
3611,-13.748817777777802
3612,-17.176217777777794
3613,-8.610967777777802
3614,-8.006886666666674
3615,-4.79662277777777
3616,3.4088933333333102
3617,-10.555732222222204
3618,8.482
3619,-18.29586444444444
3620,-10.53375666666669
3621,0.5930244444444455
3622,-3.8221777777777675
3623,-1.0893122222222331
3624,-10.4795685
3625,5.396694999999999
3626,-2.4535199999999975
3627,-19.326667999999998
3628,15.012962000000002
3629,-3.56006
3630,3.7932660000000027
3631,-3.850299999999997
3632,0.06268000000000029
3633,-5.641670000000005
3634,-3.8136400000000066
3635,10.48357
3636,-1.292430000000003
3637,1.6902229999999996
3638,0.9951300000000032
3639,-1.174660000000003
3640,2.375319999999988
3641,5.930213999999999
3642,-2.150409
3643,-8.239024999999991
3644,-7.513940000000005
3645,2.884329999999977
3646,-7.600069999999988
3647,-1.2641660669999908
3648,-19.966555868
3649,0.5087044444444402
3650,-5.155625555555602
3651,4.277967777777803
3652,28.94762
3653,11.439850000000007
3654,-13.243899999999996
3655,-1.2027300000000025
3656,1.7658644444444462
3657,6.904323333333345
3658,8.874932444444454
3659,-2.6451933436364286
3660,-6.5760269942371465
3661,-3.9161764238853607
3662,-17.154691507570107
3663,-0.29996666666670535
3664,-7.4347000000000065
3665,-2.5416555555555504
3666,13.230036222222239
3667,3.5889222222221946
3668,0.8986333333333221
3669,15.841147333333339
3670,-10.926107777777759
3671,10.845268888888882
3672,-11.751454444444406
3673,3.2932099999999878
3674,6.805660000000003
3675,-8.717799999999997
3676,-2.3013827777778033
3677,0.9598088888889009
3678,-3.579136666666699
3679,-7.640161666666671
3680,0.5528633333333204
3681,-6.783670000000001
3682,-1.4627533333332963
3683,-11.825954444444406
3684,10.1906888888889
3685,-25.9864282222222
3686,11.39461
3687,6.177443999999994
3688,24.179276
3689,-6.544129999999996
3690,1.5418240000000054
3691,3.8375699999999995
3692,-2.9062100000000015
3693,-3.272049999999993
3694,-3.9795699999999954
3695,0.9390400000000056
3696,10.512634000000006
3697,-2.9898699999999963
3698,-0.6068099999999959
3699,12.293959999999998
3700,4.7594899999999996
3701,13.361770000000007
3702,-0.7004000000000019
3703,0.26681444444444935
3704,-2.578569999999999
3705,3.679350555555601
3706,8.508166666666696
3707,22.92798722222222
3708,22.42992222222223
3709,-11.072012777777758
3710,-8.570077777777755
3711,7.755992222222233
3712,7.266252222222235
3713,28.119512222222227
3714,-3.5512577777778063
3715,4.597756222222245
3716,6.767632222222247
3717,-0.4451437777778011
3718,-0.7954317777777931
3719,-1.7833977777777932
3720,2.795452222222238
3721,11.732022222222227
3722,-2.8978677777778046
3723,0.4936922222221938
3724,13.145592222222206
3725,-6.386097777777778
3726,7.505928888888889
3727,1.0562994444444058
3728,14.372653333333346
3729,-1.5608900000000006
3730,-17.79494777777775
3731,12.854473333333331
3732,-14.649856666666693
3733,-8.845894444444397
3734,0.4539888888889152
3735,-16.901160000000004
3736,-11.638827777777763
3737,22.827877777777772
3738,-10.433307777777799
3739,-16.02299555555556
3740,5.886124444444448
3741,-4.6687416666666905
3742,7.94515777777778
3743,-33.18540733333333
3744,-14.85035333333333
3745,7.543804111111108
3746,-17.470720666666693
3747,37.506609999999995
3748,-1.1135300000000008
3749,10.893803333333324
3750,-3.791570666666658
3751,-5.387382777777773
3752,2.543862999999998
3753,6.191594000000002
3754,-0.351467999999997
3755,0.36625499999999533
3756,4.093040000000002
3757,1.7315700000000014
3758,7.399759999999997
3759,1.209194999999994
3760,-3.0797900000000027
3761,3.5822959999999995
3762,4.565264999999997
3763,1.1970500000000044
3764,-6.130010000000013
3765,-0.6815200000000061
3766,-12.669620000000009
3767,15.056570000000008
3768,-1.2599400000000003
3769,-20.955437777777803
3770,-7.430457777777804
3771,21.16665222222221
3772,-5.005237777777808
3773,16.878857000000004
3774,3.079816666666659
3775,11.912480222222221
3776,16.973301444444445
3777,-6.5521711111111
3778,0.09153777777778771
3779,6.4729355555555514
3780,-6.817056000000001
3781,7.618290000000002
3782,3.6231460000000055
3783,6.65876999999999
3784,17.69520999999999
3785,1.9455000000000098
3786,-4.191579999999995
3787,17.925269999999998
3788,6.569959999999995
3789,6.913610000000006
3790,-3.247471999999995
3791,6.251429999999999
3792,5.674170000000004
3793,3.4412169999999946
3794,7.376779999999997
3795,-22.632041552000004
3796,9.464724444444442
3797,16.289852222222237
3798,11.89225222222224
3799,16.202711111111114
3800,-9.949045999999996
3801,-4.437109999999997
3802,-8.597687777777807
3803,32.751149111111104
3804,30.493836666666652
3805,21.66073044444444
3806,-2.4635127777777797
3807,-5.53376333333334
3808,1.2960311111111054
3809,-4.278239999999997
3810,-23.036812222222196
3811,-10.217223507
3812,-11.431797777777803
3813,27.507311111111107
3814,9.996328888888883
3815,16.345447777777764
3816,-15.059561777777802
3817,-17.928577777777804
3818,-14.332296
3819,4.163525000000007
3820,-1.1892640000000014
3821,-1.6638829999999984
3822,-7.702075999999998
3823,-7.986599999999996
3824,2.347875999999985
3825,-1.864910000000009
3826,-8.875220000000013
3827,-0.42061999999999955
3828,0.11925700000000106
3829,-0.2943299999999951
3830,-0.22240999999999644
3831,-3.146589999999989
3832,-6.9199999999999875
3833,-3.315455
3834,6.388370000000002
3835,-3.4956129999999987
3836,-11.696281999999997
3837,-5.301514999999995
3838,-3.070750000000004
3839,4.746279999999999
3840,-4.012900000000002
3841,-7.0508099999999985
3842,-10.107830000000007
3843,-3.3444300000000027
3844,1.4975100000000054
3845,-13.465849999999996
3846,-6.154983999999999
3847,-8.087014000000003
3848,5.209760000000003
3849,1.9345720000000028
3850,-0.939436999999991
3851,16.92330683200001
3852,-33.0213377777778
3853,-30.43077777777779
3854,-25.191747777777806
3855,-22.191747777777806
3856,-8.910626666666701
3857,-5.853966
3858,1.1092733333333058
3859,-5.995088888888915
3860,-3.3482311111110903
3861,18.45735111111111
3862,-7.726256666666586
3863,10.519511111111107
3864,0.8227622222222237
3865,3.767343333333315
3866,4.4750820000000004
3867,-2.6668769999999995
3868,0.5336129999999955
3869,-6.709125
3870,2.504585000000006
3871,-2.0910900000000083
3872,-0.889710000000008
3873,5.2006800000000055
3874,5.4414
3875,-4.712800000000001
3876,-1.0284830000000014
3877,-3.199225999999996
3878,-5.341885000000005
3879,-9.184545
3880,0.8504199999999997
3881,6.201243000000002
3882,-3.278818000000001
3883,-5.332441999999986
3884,-8.390659999999997
3885,13.395589999999999
3886,4.174120000000002
3887,5.834450000000004
3888,-10.687134
3889,-4.798660000000012
3890,9.069149999999993
3891,9.234809999999996
3892,-7.3596900000000005
3893,-7.573089999999993
3894,-7.9074039999999925
3895,3.8594300000000032
3896,9.232067000000015
3897,11.224719999999998
3898,19.14862769999999
3899,7.722753199999996
3900,13.742151199999999
3901,-3.6370068000000018
3902,8.391746199999996
3903,3.285884199999998
3904,5.5685562
3905,7.2664902
3906,7.362835200000006
3907,14.001313200000006
3908,-3.227234799999998
3909,-3.837432799999995
3910,-4.448970799999998
3911,-13.782840799999995
3912,8.5553612
3913,0.4311672000000044
3914,1.0538841999999988
3915,0.44636619999999994
3916,3.4705562000000043
3917,1.8225471999999954
3918,-13.25988679999999
3919,-2.0182708000000105
3920,-5.972918799999988
3921,3.8911271999999997
3922,10.294607199999994
3923,4.565527200000012
3924,7.067959199999997
3925,-0.5036568000000017
3926,-13.735660799999991
3927,-8.948374799999982
3928,-8.706300799999994
3929,-10.086156799999998
3930,-0.3470827999999955
3931,-4.494690800000001
3932,3.752285200000017
3933,12.260569199999992
3934,2.2834992000000085
3935,2.113449199999991
3936,3.501345200000003
3937,8.647479200000006
3938,-7.9429528000000005
3939,6.391081200000002
3940,0.1274591999999899
3941,1.2114891999999884
3942,-1.7143828000000099
3943,-6.143390800000006
3944,-6.886248800000004
3945,0.5681292000000013
3946,-8.3542068
3947,-18.927618800000005
3948,-3.046200799999994
3949,-4.6868178
3950,9.656624199999996
3951,-7.562432799999982
3952,-2.0341267999999957
3953,10.355441200000016
3954,-1.8088560000000058
3955,-15.372660000000025
3956,-2.488969999999995
3957,-12.57365999999999
3958,15.546490000000006
3959,-15.484550000000013
3960,-23.742910555555483
3961,-5.201070000000001
3962,-15.799215555555605
3963,17.598564444444442
3964,0.9048944444444373
3965,-5.724260000000001
3966,19.60081333333332
3967,18.415854444444506
3968,-0.8566622222222406
3969,10.871790000000004
3970,-3.8550722222221907
3971,-27.773093777777802
3972,-5.336887777777804
3973,-3.336887777777804
3974,0.3750822222222041
3975,-21.813942222222195
3976,-29.359415555555472
3977,-2.2916555555554794
3978,7.177188000000001
3979,-7.751435000000001
3980,-4.053519999999999
3981,-3.2638900000000035
3982,3.3850500000000068
3983,-3.1393699999999995
3984,2.1052099999999996
3985,1.2313899999999904
3986,-7.994296000000006
3987,14.359189999999998
3988,-2.584506000000001
3989,-1.3385299999999987
3990,-6.594913999999996
3991,-8.332089999999994
3992,-6.706764000000007
3993,-7.383020000000002
3994,-5.3785700000000105
3995,-3.3386519999999997
3996,-6.915846000000002
3997,0.9260560000000027
3998,-1.5599399999999974
3999,1.8879500000000036
4000,-9.357230000000001
4001,12.824319999999986
4002,-6.863095999999999
4003,-21.012489999999985
4004,0.25782999999999845
4005,-4.612899999999982
4006,-6.60602999999999
4007,-3.4168499999999966
4008,-0.2671660000000031
4009,5.0464099999999945
4010,-2.966047000000003
4011,5.460254999999989
4012,-22.75019456299998
4013,5.588388444444437
4014,11.455691111111094
4015,-5.403107222222232
4016,-8.723217777777805
4017,1.3086466666666894
4018,-18.684137777777806
4019,-2.6946066666666866
4020,6.821162888888892
4021,27.908026666666686
4022,-6.322496666666638
4023,-1.0889099999999985
4024,12.095807777777793
4025,-13.07434888888892
4026,15.888054444444439
4027,4.425991111111109
4028,0.010043333333314308
4029,-22.409247777777793
4030,23.33639333333334
4031,3.573394516999997
4032,-1.7343248888889065
4033,-14.23054111111108
4034,-19.556116666666725
4035,4.300956666666693
4036,-2.733336666666702
4037,-18.574100000000016
4038,5.072444444444439
4039,-11.66269333333328
4040,27.093315000000004
4041,7.967262222222246
4042,-10.34547255555556
4043,-6.918305555555563
4044,-6.851052222222222
4045,-1.7621572222222284
4046,-8.043777777777791
4047,-2.9209505555556063
4048,9.681212777777773
4049,2.4058659999999996
4050,3.8910529999999994
4051,-0.18411999999999296
4052,-3.3992099999999965
4053,0.8713699999999989
4054,11.87100000000001
4055,-2.03952000000001
4056,-1.5721499999999935
4057,-10.304415000000006
4058,2.7198639999999976
4059,-0.9593230000000048
4060,-1.1039379999999852
4061,-6.899259999999998
4062,-2.7954000000000008
4063,-7.793779999999998
4064,-9.071349999999995
4065,-3.3872969999999984
4066,-3.534028000000003
4067,3.4193720000000027
4068,-7.114328
4069,-5.96555
4070,4.217609999999993
4071,-0.9520240000000086
4072,3.778339999999986
4073,8.45845
4074,12.704639999999984
4075,-10.13560000000001
4076,-2.7885499999999865
4077,7.679169999999999
4078,13.166830000000004
4079,0.9643500000000103
4080,-12.752775999999997
4081,-4.390149999999991
4082,-2.225030000000004
4083,1.4972900000000067
4084,2.1757300000000015
4085,-5.262599999999992
4086,-24.690229999999985
4087,-6.897300000000001
4088,5.173969999999997
4089,0.4246800000000093
4090,-16.008663999999996
4091,2.337639636999995
4092,28.143615999999994
4093,3.1593188888888903
4094,-1.1115999999999957
4095,18.46305222222223
4096,6.151528222222197
4097,15.9153622222222
4098,7.451249999999998
4099,3.9847439999999956
4100,5.308095999999999
4101,-4.744749999999989
4102,-0.1945959999999971
4103,-0.08270299999998798
4104,-1.1736239999999967
4105,6.370759999999997
4106,-1.0469940000000015
4107,3.343513999999999
4108,1.6002360000000024
4109,-0.6073900000000023
4110,3.5779539999999983
4111,-2.2580600000000004
4112,-1.2631899999999998
4113,-2.006439999999998
4114,-3.2816899999999976
4115,0.24531100000000094
4116,1.1894380000000027
4117,0.7602340000000041
4118,8.644787
4119,-1.8869030000000038
4120,4.322237000000001
4121,-8.347280000000005
4122,-6.801749999999991
4123,3.2571499999999958
4124,-3.547153999999999
4125,-2.6796540000000064
4126,-5.443169999999988
4127,6.438637
4128,-4.784855999999998
4129,1.9830620000000003
4130,3.7860699999999987
4131,-6.857596000000001
4132,-7.8111200000000025
4133,-10.72871
4134,1.3989899999999977
4135,-6.834796000000004
4136,-0.5122980000000013
4137,-0.894910000000003
4138,2.0978160000000017
4139,-8.308284999999998
4140,-7.760999999999996
4141,-7.488120000000002
4142,-0.5527370000000005
4143,0.477019999999996
4144,-5.978170000000002
4145,-6.07750699999999
4146,-0.5229349999999968
4147,1.7106950000000012
4148,-2.6403529999999975
4149,-2.111623999999992
4150,-14.990154000000004
4151,-11.277879999999996
4152,1.509518
4153,-3.821556000000001
4154,-5.609829999999995
4155,-0.7352220000000003
4156,6.132873000000004
4157,3.215198000000001
4158,1.930660999999997
4159,5.630108
4160,5.524625999999998
4161,-2.3341959999999986
4162,-2.112164
4163,-4.93741
4164,7.032515000000004
4165,2.081675000000004
4166,8.920880000000011
4167,2.9110419999999984
4168,-0.9581519999999983
4169,-3.2049299999999974
4170,-2.259426000000005
4171,-1.2883000000000067
4172,0.4594600000000071
4173,7.416820000000001
4174,7.943186000000001
4175,-2.3811800000000005
4176,-6.782060000000001
4177,-4.772629999999992
4178,1.016600000000011
4179,-1.9694360000000017
4180,11.081499999999991
4181,-10.59689999999999
4182,-9.547489999999996
4183,-0.7004600000000067
4184,7.460759999999993
4185,-9.56418
4186,-3.7412300000000016
4187,0.7946129999999982
4188,8.814980000000006
4189,3.892902999999997
4190,8.331969999999998
4191,13.715722499999998
4192,-21.6185777777778
4193,-16.7851177777778
4194,-7.2926866666666825
4195,-22.3144655555556
4196,18.979372222222224
4197,1.5810862222222184
4198,11.581255555555558
4199,7.089234444444443
4200,1.9152070000000023
4201,-0.921202000000001
4202,1.9002399999999966
4203,-6.570740000000001
4204,-6.449444
4205,7.251890000000003
4206,-1.009214
4207,-2.1866800000000097
4208,1.1931000000000012
4209,-2.2450999999999937
4210,-2.2703329999999937
4211,-6.027969999999996
4212,-2.6914000000000016
4213,-3.6782299999999992
4214,-3.1818600000000004
4215,-2.9098859999999984
4216,-4.713468000000002
4217,-3.928009999999997
4218,1.2226350000000004
4219,-5.237171999999994
4220,-5.59657
4221,0.970326
4222,-2.6373200000000026
4223,2.7292699999999996
4224,-2.8063800000000043
4225,4.751100000000008
4226,-17.11869999999999
4227,-6.349069999999983
4228,2.3265300000000053
4229,2.799640000000011
4230,-3.8392399999999895
4231,-9.193203999999994
4232,-6.434659999999994
4233,1.8863740000000035
4234,-5.0427800000000005
4235,-0.3026100000000014
4236,16.44936
4237,28.08035000000001
4238,-9.430250000000001
4239,-5.371576000000005
4240,2.7118400000000094
4241,3.0267000000000053
4242,-0.36913316299998655
4243,-3.609160000000003
4244,-16.464837777777802
4245,16.17725
4246,-3.449591777777755
4247,0.7979377777777614
4248,-10.628587777777796
4249,0.95824
4250,-3.2511049999999955
4251,-4.799050000000001
4252,-1.539900000000003
4253,-1.506060000000005
4254,-0.41067999999999927
4255,5.525649999999999
4256,-1.6866100000000017
4257,4.704470000000001
4258,3.0438699999999983
4259,2.4257399999999976
4260,-3.873429999999999
4261,-11.688263
4262,-5.244074999999995
4263,-1.0902249999999896
4264,-1.5814859999999982
4265,-1.36918
4266,1.567812
4267,-5.7903049999999965
4268,-8.815079999999995
4269,-2.1001059999999967
4270,2.753320000000002
4271,-6.306100000000001
4272,13.409390000000002
4273,-12.615199999999987
4274,-11.755449999999996
4275,2.7549199999999985
4276,7.1060799999999915
4277,-4.752380000000002
4278,0.16760999999999626
4279,-5.09169
4280,8.948970000000017
4281,-0.825692999999994
4282,8.704876000000006
4283,1.7991270000000021
4284,-8.677457999999998
4285,1.391293000000001
4286,-2.289291999999996
4287,-4.7804199999999994
4288,1.6516769999999994
4289,-4.498100000000001
4290,1.4951300000000103
4291,10.699573999999998
4292,1.1193899999999992
4293,-2.764838000000001
4294,-2.9901829999999947
4295,-8.324709999999996
4296,-7.270932999999999
4297,-6.299195999999995
4298,2.0076249999999973
4299,1.9547579999999982
4300,-3.399004999999999
4301,0.019933000000001755
4302,-7.480896000000001
4303,-0.6260499999999993
4304,-2.056505999999999
4305,4.66713
4306,-9.670673
4307,2.824914000000007
4308,-5.857434000000005
4309,3.8603650000000087
4310,-9.741915000000006
4311,-5.00217
4312,-2.9751400000000032
4313,17.548520000000003
4314,3.646472000000003
4315,1.614524000000003
4316,11.442330000000002
4317,-8.238422999999997
4318,-0.656645999999995
4319,-2.2571099999999973
4320,-5.801199999999994
4321,-3.435309999999987
4322,-0.9100799999999936
4323,-2.9144699999999943
4324,-2.097229999999996
4325,-0.053746000000000294
4326,-0.8917760000000001
4327,1.0627199999999988
4328,-0.5065199999999948
4329,-7.822895000000003
4330,-2.510159999999999
4331,-6.860159999999993
4332,1.7174070000000015
4333,-0.373977
4334,-1.2292229999999975
4335,-9.95459000000001
4336,-1.3052299999999946
4337,-4.9169100000000014
4338,0.6905300000000096
4339,-6.607784999999993
4340,-19.921459999999996
4341,-0.9332100000000025
4342,-8.527969999999996
4343,-8.422033000000006
4344,-13.61985
4345,-6.902340000000002
4346,6.806810000000006
4347,-10.385472999999998
4348,5.643819999999998
4349,13.638200000000001
4350,-1.3671099999999967
4351,3.7897960000000097
4352,-3.942885000000004
4353,8.579160000000002
4354,3.9741599999999977
4355,1.0696459999999917
4356,-10.974944000000008
4357,-3.413624999999996
4358,-4.194926000000002
4359,6.661059999999992
4360,11.137060000000005
4361,3.715295999999995
4362,17.23454000000001
4363,-9.421509999999984
4364,1.5400999999999954
4365,8.276179999999997
4366,-10.707819999999998
4367,3.0791600000000017
4368,0.3882639999999924
4369,1.1211129999999976
4370,-1.1534300000000002
4371,-0.3307299999999955
4372,6.316760000000002
4373,2.000920000000008
4374,1.2821500000000015
4375,8.955269999999999
4376,-3.1396000000000015
4377,0.1844770000000011
4378,-3.406009999999995
4379,-3.78819
4380,-2.2643500000000074
4381,0.677464999999998
4382,2.260639999999995
4383,-1.8471550000000008
4384,-0.6806199999999976
4385,1.4722500000000025
4386,5.355835000000013
4387,4.862719999999996
4388,16.108509999999995
4389,-6.924079999999989
4390,5.044250000000005
4391,2.1260759999999976
4392,10.211685000000003
4393,-3.276584999999997
4394,-3.520799999999994
4395,-0.14671699999999532
4396,7.7997900000000016
4397,-1.6540549999999996
4398,2.5198600000000013
4399,-3.070240826999992
4400,-7.852486832000011
4401,-40.686679999999996
4402,8.87079
4403,-3.6162959999999984
4404,-4.798037999999995
4405,-0.7912800000000004
4406,0.4335800000000063
4407,1.2744600000000048
4408,7.427086999999997
4409,-2.439720000000001
4410,1.6195500000000038
4411,6.139224000000006
4412,2.6503500000000013
4413,-2.6449420000000003
4414,-1.6897769999999994
4415,-0.5239899999999977
4416,4.157446
4417,0.30209800000000087
4418,5.828955999999998
4419,-0.33588400000000007
4420,4.2691630000000025
4421,-1.3307479999999998
4422,1.074415000000002
4423,7.4814240000000005
4424,5.169138000000004
4425,4.743873999999998
4426,7.9816
4427,9.199379999999998
4428,-5.204634000000006
4429,8.749780000000001
4430,-1.7781750000000045
4431,-1.0697660000000013
4432,-0.8970219999999962
4433,11.539010000000001
4434,5.148227000000002
4435,4.334946000000002
4436,6.782240000000002
4437,-0.661290000000001
4438,-7.09722
4439,-5.820869999999999
4440,-4.374239999999986
4441,2.933530000000019
4442,3.8925999999999874
4443,6.639179999999982
4444,8.908199999999994
4445,2.05313000000001
4446,2.7225579999999994
4447,-7.6897030000000015
4448,-6.792429999999996
4449,0.14057999999999993
4450,-5.734160000000003
4451,-15.693759999999997
4452,12.144290000000012
4453,10.471034999999997
4454,-7.686602000000001
4455,-3.146349999999998
4456,-1.7156700000000171
4457,-4.202280000000002
4458,6.253619999999984
4459,16.164060000000006
4460,-12.620620000000002
4461,-2.474139999999977
4462,4.846499999999992
4463,11.238100000000003
4464,-5.063705999999982
4465,-14.694789999999983
4466,-12.476889999999997
4467,4.808849999999978
4468,0.8287900000000121
4469,8.237990000000025
4470,-11.565856300000007
4471,-10.235474222222223
4472,-1.7595088888888881
4473,-0.8510344444443945
4474,-1.7373559999999983
4475,0.18549999999999045
4476,-2.257220000000018
4477,3.6517770000000027
4478,-5.455990000000014
4479,-8.055970000000002
4480,5.590440000000001
4481,-8.148709999999994
4482,1.1732399999999643
4483,-11.734700000000004
4484,8.137998999999997
4485,1.0659449999999993
4486,1.6952240000000032
4487,-2.074549999999988
4488,2.7338300000000118
4489,3.4224200000000025
4490,12.887789999999995
4491,-5.4295999999999935
4492,3.14546
4493,-5.062020000000004
4494,-6.454173999999995
4495,-10.474094000000001
4496,-8.78555
4497,4.79992
4498,5.146491000000001
4499,2.4412069999999986
4500,-9.640166
4501,-2.34232999999999
4502,11.190970000000007
4503,15.806669999999997
4504,-10.32189000000001
4505,-12.218129999999988
4506,4.421490000000006
4507,0.5611559999999969
4508,6.06512
4509,-12.858710000000002
4510,7.035426000000001
4511,11.402735
4512,3.810760000000002
4513,11.113723999999998
4514,5.702725999999998
4515,3.928460000000001
4516,-4.559571999999996
4517,-7.6532299999999935
4518,-0.9548300000000012
4519,10.966435000000004
4520,8.255380000000002
4521,-1.4193749999999952
4522,-8.163939999999997
4523,-10.753659999999996
4524,13.019059999999996
4525,-9.138189999999994
4526,-5.159549999999996
4527,4.383579999999995
4528,19.967699999999994
4529,-25.327200000000005
4530,-0.33204000000000633
4531,-18.424274000000004
4532,-4.091474000000005
4533,8.388889999999996
4534,7.232323999999998
