y true,average predicted values,error bar values
4.967000000000001,6.150975785,0.6000822290976345
7.500749999999999,11.228465,0.7473029744321101
16.89963,16.23950515,0.9879933942141342
20.12907,33.7821577,1.9904918881451636
53.83403,59.98564025,4.0173748118082075
2.96412,5.9095767299999995,0.7575819283239379
23.40675,22.55750285,1.7575626286863792
32.38307,40.9177821,2.927000844286843
8.52363,6.434398590000001,0.8032309262830669
14.77347,12.6854222,0.899901663839626
16.89963,22.8696823,2.0489900375341814
44.08587,53.40261875,5.904629438965212
97.67123,65.55306355,4.243953022461407
28.97675,33.0122439,3.577832931380374
20.12907,18.495046,1.3264644837801371
35.83763,31.906500299999998,1.409317850711139
29.54112,21.7520591,1.4458758867841253
3.4628299999999994,3.668164875,0.418347141469636
1.47603,4.55755553,0.4099740323379327
3.9628799999999997,6.201044065,0.31015130274902974
6.483230000000001,7.291718815,0.436514999702193
8.011519999999999,8.982228975,0.4374495123731267
11.62443,10.9513543,0.46173385723548954
16.36608,16.6377983,0.6020147393346952
9.55187,9.739148400000001,0.39923178237148865
3.9628799999999997,4.2286616100000005,0.39722797417694117
4.46427,5.737888509999999,0.3878664293760553
10.58547,7.15025449,0.4435186047230689
9.03708,8.317197035,0.5128278069458146
12.14592,9.772324325,0.5676085777720205
12.66875,11.9177766,0.5999667411678932
1.47603,4.3972763299999995,0.45564512540660534
7.500749999999999,7.403093005,0.6240680650945573
16.36608,13.4104633,0.6411016785176248
16.36608,9.399880125,0.4520000222289197
20.672,15.45152675,0.6531226709839005
16.36608,9.639030649999999,0.5489037877880137
5.97648,7.15664886,0.5081437262522231
9.03708,7.46865835,0.5126557568009413
8.011519999999999,11.322943425,0.6363285352367388
7.500749999999999,7.52385826,0.5329788465234504
41.70243,39.22257555,1.8991504451576684
102.66299999999998,116.6801105,3.7262014261015612
31.812,41.3281445,2.2838858869404213
20.12907,24.9933732,1.4212322058429512
0.0,10.617531975,0.8968288973524624
203.450201763,178.0469345,6.479027247469919
28.77777777777778,25.3622979,1.8317699393287106
61.777777777777786,43.6302721,2.32297300231449
98.856159963,79.6352397,1.8286638808417395
45.77777777777778,45.549596050000005,2.024596256305686
-14.669999999999998,6.460094979999999,1.2908810667557262
-11.0,5.50606437,0.6043112858926065
-3.0,5.99933962,0.4874527583135132
16.0,6.24081765,0.6149993295935614
2.0,6.47742647,0.6573139827422227
7.0,6.32399532,0.47241857738599213
3.0,7.53374098,0.5942151940280298
12.0,8.09088268,0.649464876841609
7.0,4.45276982,0.4719360751296678
6.0,6.199848155,0.5022875761983772
13.0,7.1751784700000005,0.6159829893530043
5.0,7.74021633,0.6643562906290664
2.0,7.87322889,0.4430991444158994
6.0,6.738744315,0.4423185633530579
5.0,7.89871533,0.5766180439742703
16.0,9.30414065,0.7026565613962391
7.0,8.210357949999999,0.6052543629128994
11.0,6.657456125,0.4913502803561746
6.0,8.876683425,0.5725966314253333
56.0,66.6859559,1.5951539555346637
28.888888888888893,6.607495224999999,1.1616749528068084
3.8888888888888884,8.03486308,1.1317117136440566
21.11111111111111,13.1411367,1.1808678534288979
0.1166666666666671,10.009220725,0.8991005603667928
2.594444444444445,11.558755125000001,0.9235668697238423
12.37222222222222,13.511072200000001,1.0215489174403045
-4.444444444444445,4.605612004999999,1.308102865183093
-4.622222222222223,16.53736315,2.723905930739924
26.97777777777778,44.34457565,4.70528362537601
53.47777777777778,69.532769,6.216474293628894
-2.91588,-2.05717714,0.6867410260578387
3.4628299999999994,2.748371342,1.6346902384097914
-1.46397,7.27748508,1.4859196355075919
-1.46397,-2.38678317,1.080675903232073
-1.46397,0.51868471175,1.0009158565345764
-7.66848,-1.8396292605,0.8876276395767456
-2.91588,1.1830767955000001,1.075764640800533
14.77347,10.7736808,1.3011031144879208
0.49067,4.048516805,0.9813244382285565
3.9628799999999997,6.0653131899999995,1.6991000364412865
3.4628299999999994,7.57686314,1.3675060363774574
2.96412,4.52466509,1.2215643084253431
-4.833,1.244316744,0.8615425171271788
5.47107,7.5636011850000004,0.9049904496936342
36.41808,27.795844549999998,1.3588183201219346
36.41808,39.93478395,1.8424975871077403
1.97072,1.8245995369999999,0.5584972466940681
2.96412,6.092552285,0.6287745035326248
18.50832,18.41163665,0.974369188951081
3.4628299999999994,3.0156886149999997,0.41059144802493736
10.58547,9.850757849999999,0.6068506008408254
18.50832,20.23901625,0.9969290657461359
11.10428,16.102380825,1.200498763034844
36.99987,37.554273699999996,1.5065445704182623
50.13827,44.2634286,1.8697347137301081
34.68075,26.8451388,1.7100844932068668
26.175,27.54138135,1.8914691666299275
20.12907,19.50531935,1.74786638944759
-4.35573,-0.9856117154999999,0.5887688523250905
-3.39717,0.0956684448,0.499882314611067
3.4628299999999994,1.0094749475,0.5665568669528411
5.97648,4.441844685,0.9761761185884049
-0.97732,8.750233065,1.1953383569434346
0.0,-0.2762408655,0.6688934450618647
2.46675,0.5609142672,0.49990082020517945
-3.87712,2.585558125,0.494765746989518
13.19292,6.374403675,0.9557248209091392
0.98268,0.41297288050000003,0.8204665749973501
2.96412,1.8584215350000002,0.7940275657805864
3.4628299999999994,4.078866505,0.9377691585775448
-0.48933,2.1181396384999998,0.7727503866357561
6.991319999999999,7.88736883,1.3869030985991433
17.97075,10.761924924999999,1.0179358917416925
5.47107,4.323830490000001,1.2195302747877652
1.97072,2.39357687,0.9774653119303308
9.03708,5.40592899,1.261471663658781
-2.43325,4.315376994999999,1.0367776926550005
0.98268,1.0224290894999999,0.5551202645725685
0.98268,1.842280255,0.628029994484984
0.49067,4.433891194999999,0.6465198911927544
10.068,9.845597585,0.8801626247086339
-1.94928,0.33341071969999997,0.4950643951418937
0.98268,1.3422734875,0.5708657483461748
-0.48933,1.1510190493499999,0.6349924019848173
-3.39717,2.207408795,0.47138370718907013
5.47107,4.20546197,0.6289752961238748
5.47107,9.84847292,1.300661362190701
17.97075,12.5397807,1.2397177514775755
6.483230000000001,6.6082719800000005,0.9767351583918212
6.991319999999999,3.7677574999999996,0.7039329970437759
12.14592,6.610055685000001,1.0567422917043523
0.49067,7.117630085,0.8078381908597768
4.967000000000001,1.0860766769999999,0.5962628502782878
2.46675,2.305294445,0.6573903406280901
13.19292,13.0978265,1.0271332428741193
1.47603,1.4352442775,0.6172186777313213
5.97648,3.732019045,0.675281496934893
2.96412,7.287835225,0.6886984924287853
-2.91588,1.650724112,0.5705580917505483
9.55187,3.03336821,0.6774028059794851
6.991319999999999,4.60685188,0.6457228024320291
10.068,3.60511723,0.8451412171583765
12.66875,15.151893325,1.4236178971835356
9.55187,7.533872725,0.6986419144149505
6.483230000000001,8.27717995,1.046405962692944
7.500749999999999,9.737742749999999,0.956331844919946
6.483230000000001,6.140811015,0.74606263071233
2.96412,2.2024686200000003,0.28187650178114787
4.967000000000001,3.92906656,0.37247211079951
3.9628799999999997,5.06510495,0.4891745261760205
16.89963,9.100729275,0.5906224018574648
5.47107,3.7262453649999996,0.20801131142262
9.03708,6.805861,0.40989268817243674
15.303,10.502067675000001,0.5788964516367661
0.98268,2.8505918550000002,0.2629692402248768
7.500749999999999,5.010845855,0.37393675115595393
9.03708,7.590234615,0.4345076488571915
3.9628799999999997,5.64977922,0.6093198448460344
17.43452,12.907966024999999,0.8704545923189773
13.19292,9.184392775000001,0.6764563947196582
8.011519999999999,6.01550312,0.48078892291500325
11.62443,10.764587575,0.5572275854945028
11.62443,7.129871435,0.466755307130295
1.47603,2.098418295,0.23579988271693317
6.991319999999999,4.937141025,0.40464011089781454
17.43452,14.640343575,0.7601337182780697
-0.97732,2.13022104,0.2778752553962818
2.46675,3.5119426500000004,0.2612323810555178
5.97648,6.499232245,0.3248658412269327
2.96412,2.574903665,0.2659244930437669
-0.97732,4.581016075,0.29819616759564377
2.46675,7.0037563899999995,0.3407389899414073
6.483230000000001,5.531869085,0.4956883010855865
15.303,13.353457125,0.4665744336051261
5.47107,9.315462,0.4884263493645479
20.12907,11.015822799999999,0.4676181149374086
12.14592,11.22615425,0.6213370240832202
8.52363,7.2284745599999995,0.3719695947990322
-3.39717,1.3569699119999998,0.3501314876665555
5.97648,2.836312525,0.4363377397629128
9.55187,7.3530098850000005,0.6190388729218991
0.49067,2.824609035,0.3019971109437643
1.97072,5.4386701099999994,0.4441086253344652
14.24528,9.075513275,0.5426166090173246
2.96412,4.076351685000001,0.3212019362307248
4.46427,6.515974154999999,0.38253688128457625
1.47603,10.9791179,0.8082118652627311
8.011519999999999,8.40909646,0.5802901695589344
8.52363,5.339762605,0.598825265040235
11.62443,9.3684819,0.5614503732373954
3.9628799999999997,6.414540685,0.4979504472164573
0.0,2.19402031,0.2399565394001257
3.4628299999999994,3.98436043,0.2888489947030749
5.47107,5.142495425,0.3779910937320166
12.14592,8.786330074999999,0.5090542978596444
12.66875,14.648345475,0.781112960374414
2.46675,2.191898975,0.23099617227134883
1.47603,3.62475102,0.27003685949811523
12.66875,10.31188715,0.4686379665008259
2.96412,2.673983235,0.2517095349981994
2.46675,5.54753137,0.5869393578900045
15.303,17.1548074,0.6668971652481681
12.14592,9.466866,0.4724553480181461
1.97072,6.267255895,0.4798159080323964
11.62443,10.9223464,0.5735761894029101
7.500749999999999,11.2899014,0.5811436071717963
7.500749999999999,7.24015724,0.41618717768736335
102.125026875,81.33118635,3.149882228715529
94.84827,87.81399795,2.0141200297073585
44.8,23.59605375,2.218075406395488
29.3,30.10489425,1.0719642741295992
30.0,23.964925299999997,1.635016212015104
36.59999999999999,26.577673600000004,1.6694300467299867
-8.1,-2.2896068635,1.9369472365463474
-15.1,-1.3092094291499998,2.079687914008789
18.0,14.18305355,0.6786650365091541
41.0,44.47652825,1.5547104847251132
-2.8,11.84439565,1.7465817488865445
50.0,38.9328238,1.7209602974719063
47.0,55.3392782,1.8667290996659198
36.0,39.3354908,1.6869523728245814
44.0,50.79365225,2.294645047193205
17.0,31.701148449999998,1.1242836388318085
21.0,24.30288885,0.9182563844955096
87.0,72.79069799999999,1.700180816987911
82.0,72.51419495,2.2496972964222364
24.0,16.26502675,0.8453633349882211
33.0,38.567504400000004,1.310281294365509
16.6,28.890412650000002,1.3740906697984234
55.777777777777786,35.44726265,1.7401590661305792
54.777777777777786,44.7204761,2.3379980892057586
33.77777777777778,25.5776519,1.3715748267894914
59.777777777777786,44.9894703,1.5881651751471975
80.77777777777777,76.2016102,2.583418921540897
56.777777777777786,51.137342000000004,1.7780455957158479
73.77777777777777,59.259508000000004,2.650505150938193
51.777777777777786,37.30402465,2.1104813822610846
-6.111111111111111,5.673820945,1.2108672337783908
-2.222222222222222,8.40182968,1.4512880863198814
20.55555555555556,10.676206740000001,1.2121084709471728
2.777777777777778,10.1167188,1.210813849264926
10.0,5.31323147,0.4997840327304776
12.0,7.16670967,0.5362144469047819
8.0,5.588711055,0.3934990799007694
12.0,6.799989909999999,0.3831587715209302
1.0,6.91521206,0.5056564143983889
9.0,7.574075994999999,0.6483361771913009
10.0,6.8210235400000006,0.48057153532114055
7.0,14.688653375000001,0.8964774000484936
34.0,47.63730325,1.5076753142643795
61.0,64.96704975,1.4916313781655255
38.76111111111111,18.81828145,1.2170440164564598
50.12222222222223,39.060432250000005,2.112922339397709
6.666666666666667,6.9157781599999995,1.292366104148924
2.222222222222222,9.76780645,1.2256519817328788
12.77777777777778,15.813469824999999,1.0547280621780801
13.88888888888889,14.77208235,1.2634320963713137
13.0,18.7909004,1.1028971919552042
17.22222222222222,10.774503475,1.8165363144664466
18.87777777777778,17.0334787,1.4370440972992955
24.22222222222222,26.62324565,1.6520673241835768
15.0,21.6458828,1.6771999937893227
18.95555555555556,17.6504414,2.065155595605314
27.85,19.12614175,1.2356083948586396
0.49067,2.13386446,0.301458758900886
3.4628299999999994,2.98736156,0.27525345960940567
8.011519999999999,5.100559455,0.3059078205319038
2.96412,6.58401299,0.39536622018435014
2.96412,8.629375775,0.5365322243924278
16.36608,9.307616075,0.5118000407169541
10.068,11.185761150000001,0.6695554118951876
15.303,18.0412969,0.9219891127505342
8.52363,4.60073115,0.2942154644032366
5.47107,6.49250153,0.36994159590948533
3.4628299999999994,8.1331479,0.3986895969202248
10.58547,9.993609275,0.439544408919996
12.14592,12.5503033,0.5908797407880231
3.9628799999999997,3.282522515,0.297466508935463
9.03708,5.72303467,0.43660957751389895
5.97648,7.389412040000001,0.4724389308684163
8.011519999999999,8.37891628,0.39607279886150176
6.483230000000001,6.865504414999999,0.4493533199927733
12.66875,16.403275,0.6908639148905484
14.77347,9.7085222,0.5772150842178239
27.291679999999996,20.078340700000002,0.9255755689413846
10.58547,10.41482725,0.6259610580785588
8.52363,12.720313575,0.5356024437322718
3.9628799999999997,7.170007255,0.38203908838641987
8.011519999999999,7.867246045,0.3836717017469541
14.24528,9.05619155,0.4243152091163105
13.19292,13.139846875,0.5363667274888534
26.175,27.35169985,0.8301995810777116
36.41808,43.07280005,1.8475679502549591
6.991319999999999,4.839318105,0.41669925881047026
7.500749999999999,7.653661295000001,0.471589895600236
18.50832,17.7963012,0.6118918190646724
35.83763,31.45365425,0.9800131734353507
13.19292,9.897193900000001,0.5563129506228723
15.83387,18.47174445,0.4796033576642125
24.51003,16.3813485,0.8546303172416588
30.673880000000004,39.817024149999995,1.5162056220738478
45.88751999999999,47.92918885,1.9426470310961708
25.61867,15.2416956,1.1915460583893405
28.41372,24.455559400000002,0.9305943803304821
22.30883,25.6851936,0.8636388643182921
21.76188,16.68759875,1.1386549975998168
0.98268,4.77880136,0.8369009568972331
8.011519999999999,11.049038775,0.8327076180391492
11.62443,16.6983624,1.0125317717061317
40.51875,34.97469545,1.9370687167346554
33.52923,52.373497699999994,2.890808329842402
10.58547,9.041301765,0.8826301434898264
32.95548,23.24183105,1.0281974717202138
48.91707,40.334510949999995,2.1524626575781203
2.46675,5.40291592,0.8717693793834562
6.991319999999999,12.295180499999999,0.9417155331431736
28.41372,25.04491395,1.2187765040103677
54.45468000000001,49.0558498,2.2879921625810424
19.04723,19.58744695,1.6041542092266006
33.52923,32.146831049999996,1.2748728215571976
37.583,35.24778205,1.3011361977066302
-2.91588,0.65966331215,0.5956297498309581
0.49067,4.05592742,0.8465795747998702
5.47107,7.175178775000001,0.8889614330959541
1.47603,1.292091091,0.5157684157851598
0.49067,3.6939937200000004,0.5633903230172027
10.068,12.455794299999999,0.8568590948823747
31.812,29.710544700000003,3.0498359550666096
0.98268,2.53545364,0.5490898378463681
19.04723,15.62829315,1.029890331879298
4.46427,13.40719805,1.9092469340676395
26.175,51.2856254,7.366911406739401
117.287,77.36130355,9.541706011351785
20.12907,28.139892350000004,4.1041530488960785
6.991319999999999,8.67811812,0.6858291661796908
17.97075,20.6845566,1.0851230101773033
12.66875,11.32847055,0.8656934446939952
194.07075,208.62988,8.463953304721455
39.34043,40.478535449999995,1.5708320891021093
10.068,12.1251787,1.3541927707462493
14.77347,21.01704595,1.0974282001081814
0.49067,2.623757835,0.22620512557753114
5.47107,2.87192577,0.23691730320654558
4.967000000000001,4.896851955,0.3638080594722421
4.46427,6.375711725,0.4224563611511854
7.500749999999999,6.827386135,0.43863702391903453
11.62443,8.2772874,0.4881525318228591
14.77347,10.599299550000001,0.541404106798675
9.03708,17.588009300000003,0.7693635529329357
0.98268,2.788911605,0.26611226092453116
2.96412,4.488998155,0.22305877532990814
13.19292,7.836102735,0.3534587501738263
15.83387,12.16705245,0.4937686063435697
1.97072,3.024762515,0.2679780723406425
0.98268,3.18394341,0.25046036696865964
4.967000000000001,7.108237125,0.43060578982094505
11.10428,8.235890655,0.4067487991868683
4.46427,6.8122001249999995,0.4843138685631269
11.62443,16.7872902,0.6253167759247353
17.43452,10.184968575000001,0.46624633331865034
27.852030000000003,21.060433449999998,0.8266899098671493
13.19292,9.384008849999999,0.6085150517738177
1.97072,7.3274941600000005,0.47477744062525173
19.58748,12.33914335,0.5771819981803856
12.66875,12.83240755,0.5095425391077687
3.4628299999999994,7.453655695,0.4250655874082413
3.9628799999999997,8.09679874,0.4257684893475861
-0.97732,-0.37042016865,0.5677462136090953
-2.43325,0.1925227154,0.5580298689175082
-1.46397,1.206554317,0.6989266893348667
6.991319999999999,6.492436454999999,1.1311150085880544
-1.94928,0.022533200600000004,0.658878297616991
8.011519999999999,9.07287953,1.0230542012545636
2.96412,0.7790707055,0.48051413495495987
-1.46397,1.6527846315,0.599584360088154
2.46675,4.28110418,0.7853950248794943
0.49067,2.5378412765,1.0343457746097082
5.97648,13.56547385,1.2919864993868335
16.36608,19.99930605,1.7387953904698836
12.14592,8.97349943,1.1804864596271996
0.0,4.542308495,0.7306661795871134
13.718430000000001,10.719032649999999,1.1478646140871767
11.10428,12.5777674,1.2624708250450947
95.552,92.6112468,1.8187103683887946
165.6140075,151.889591,6.93092347279464
32.0,34.0373896,1.5929413236609093
58.0,61.445257649999995,1.5423223047090309
78.0,29.75889325,1.9330458027777895
64.77777777777777,58.8452841,1.39107713068338
48.77777777777778,57.2176464,1.564208909061917
95.77777777777776,74.36123454999999,2.4531080097504785
2.222222222222222,8.4206565,0.7552479766542015
8.38888888888889,11.25567465,0.8139885001404329
9.088888888888889,15.54333315,1.1681682536572182
10.70555555555556,19.4260971,1.6112042392950388
12.68888888888889,23.5272029,2.099362940189611
7.522222222222221,27.3138552,1.698764786133941
15.24444444444445,28.64798945,2.0056117819423704
14.67777777777778,13.266979800000001,0.8070664898571732
10.0,17.0183702,0.9130267045674078
43.88888888888889,28.828990249999997,1.3800163952465005
72.83333333333334,64.9184392,2.6508076706700567
75.77777777777777,62.97725725,3.1984430778923127
13.88888888888889,4.396867045,1.7728767390128621
-17.22222222222222,3.183550706,1.6863004273536115
23.66666666666667,9.940537625000001,1.135799712175139
25.73888888888889,10.092794675,0.9982802680977539
2.888888888888889,14.684468599999999,1.4734786066309882
22.27777777777778,22.34463075,1.5202662179166924
28.111111111111107,26.17745235,1.2729323982317893
42.61111111111111,34.69167915,1.6796298313012548
75.77777777777777,85.154484,2.6294063425730276
102.7777777777778,79.93181009999999,2.9216788757357848
10.0,7.668464869999999,0.7083006585470644
2.0,15.292885175,0.897076673170654
14.87777777777778,15.65242925,1.148591681522013
15.094444444444452,23.5130279,1.766295561992294
20.28333333333333,25.990664199999998,2.0928897947035265
23.44444444444444,27.4423698,2.172276864711155
22.22222222222222,32.38734915,1.3478691664268612
36.11111111111111,32.88133775,1.4769617306522373
45.77777777777778,46.3214433,2.8899256076965227
45.77777777777778,28.292143,2.2721632914405845
4.388888888888889,12.654725449999999,0.8301153501199143
14.666666666666668,28.910311,1.0484622084937438
3.111111111111107,9.22389875,0.9177145554815208
21.05555555555556,12.4054668,0.8037042297683008
13.333333333333332,15.598211275,0.7980148714334753
-8.777777777777779,9.110299775,0.7982345316614675
20.61111111111111,15.39654405,0.878268675757819
16.0,18.9066325,1.55193106057757
30.111111111111107,24.04253095,1.4790460630191227
19.44444444444444,18.113481200000003,1.7150550648928418
25.666666666666664,23.04905105,1.1221313607882417
27.611111111111107,25.5086761,1.0340612268165548
0.0,12.4455587,1.5352121421709326
11.78,7.5036102499999995,0.937161427375316
-3.78,7.71061266,0.8881027287867377
-8.88888888888889,4.85202445,1.4910418606724
8.627777777777776,22.22920015,2.2207857816221455
31.0,48.3302465,2.9449710629270585
38.0,34.0447506,2.5036991803395825
4.0,7.826650495,0.7283574606133735
2.0,5.784108035,0.5190766775967682
17.0,5.739374025,0.5069814254396384
19.0,5.75985941,0.4430623042369822
3.0,8.59252922,0.7348484353815298
23.0,7.75712772,0.6736941204344042
-8.0,7.757047985,0.501857002816653
-6.0,9.67628075,0.6032045814721024
3.0,6.78587871,0.46915504517268514
12.0,7.075094955,0.4836089673319816
3.0,8.583618509999999,0.5789012402204685
13.0,7.863525009999999,0.49366806486142606
3.0,15.340725549999998,0.82624062156515
15.0,23.28220295,1.279144172293437
32.0,13.6633026,0.731425580390888
33.0,23.290975449999998,1.2156331359828172
38.0,29.195036800000004,1.4442864953330887
5.0,13.92285215,0.5103962611536332
15.0,29.15659095,1.2875116431968776
32.0,43.663939,1.0973248341550312
10.0,23.6000249,1.1263900281074415
14.0,31.44915565,1.16975734351897
28.5,17.35501525,1.3182240280689803
19.7,22.56284975,1.273932802423304
28.5,27.54958335,1.366900228013168
37.0,32.03276745,1.4435920343747246
45.6,35.2555197,1.3472078101590672
12.77777777777778,7.708674354999999,1.0399160662766493
9.444444444444445,10.94960045,0.9457689727388627
7.4,6.014900725,1.4629401657182515
13.11666666666667,10.663668300000001,0.7917287135070882
17.06666666666667,10.333527675000001,0.7893259243468822
16.42777777777778,11.83975915,0.7975870066322098
9.0,6.62806984,1.4121993376876545
14.0,8.48863989,1.0084998906296907
-4.0,8.636769655,0.8824374218488431
7.0,12.382478175,0.684166100462055
-9.0,8.314020545,0.7216868991690739
5.0,11.056182549999999,0.9055310837639758
14.0,17.655990499999998,1.1956763859859274
36.0,26.894731200000003,1.7096188860770478
15.86666666666667,11.6212059,0.9214073957669267
11.38333333333333,9.383926525,0.5447162652394913
5.016666666666667,9.39673465,0.6114802714673135
15.338888888888892,17.0003392,1.467727095962096
8.149999999999999,9.8871004,0.7346357596754578
33.81111111111111,16.490402,1.5427951992706719
3.3888888888888884,9.9645773,0.6423301138493313
15.55555555555556,10.020092,0.6319532245179479
38.78888888888888,16.89902065,1.3951657816639296
25.23888888888889,10.230283525,1.1625729921670733
20.38333333333333,14.550927125000001,1.3766238130514112
22.05555555555556,23.7327417,0.8258321708148384
28.5,23.85216065,0.8407336768192585
32.61111111111111,33.14353285,1.5663297327554027
36.55555555555556,33.17732955,1.0541667300334516
44.66666666666667,26.78113805,1.4370878788814365
7.555555555555557,19.016491350000003,0.9908855933487657
14.05555555555556,19.1885088,1.1430423918515658
5.0,12.249198199999999,1.1892639525683013
22.3543835189226,28.90582485,0.8443783302194824
8.033406870945797,21.32610415,1.125411889590337
22.363896790265,33.525818349999994,0.9690772272680896
-8.602139785801,13.8152927,1.2676184597071083
6.691413492221599,19.0194736,1.3761486820896938
3.093761490256398,22.5776118,1.516939928958143
27.2073272353639,22.9708556,0.9384399418224518
47.45605347562282,39.097900849999995,0.9138810624175898
33.79136656658182,25.936866950000002,0.9117877592926105
46.18359401773726,34.84080675,0.9432841851748269
10.11336258778351,22.4227405,1.0077001762909399
29.4458965412717,30.52510185,0.8957455480480625
28.096940179398295,35.36281695,0.9639889276712077
-10.6058257689987,12.97543435,1.1738878917852544
1.628801386765502,18.224390550000003,1.238397207578386
10.8552334729211,24.332214,1.1135121916748016
31.964075307705468,19.997540800000003,1.1144949485545652
43.56445475953018,29.8556962,0.9103347203682607
54.29507353726219,33.53024635,1.0976018661052453
17.291827045492,19.2841048,1.050537443001318
18.3432544294193,23.72895625,0.9190200814847277
38.8364351420041,22.6701911,1.0269518006018379
56.13110117196294,28.470597199999997,1.2560445533682987
66.7613548165424,43.80797255,0.7061515604203924
39.5426353310964,34.75395745,1.0739647411205626
9.8479058957059,23.5233411,1.201138025009261
19.7141461180325,15.42481245,1.014450672763147
17.5646815767301,19.52149235,1.280655319391652
31.8975559324738,27.310584749999997,1.3721383090078165
40.08164010977202,22.002712,1.2509632929066683
44.46635709297988,29.601302750000002,0.8893178342751118
39.29517431846177,36.575263899999996,1.2276774520097473
17.5002793354592,24.71478975,1.1429847593176878
34.5422817811828,32.925614949999996,0.9969926927315733
37.35714148266884,41.74893215,0.9212542916408935
30.729811105707405,29.566024549999998,0.9311713298207003
15.701597759881702,24.2200377,0.844032077183719
29.92429648151607,31.317612250000003,0.919548691031517
28.698828796204772,24.333559,1.2782904138827067
16.25208415305131,15.49898665,0.740513529238949
19.80988876485301,24.737509449999997,0.8975809405489188
26.141656946909315,28.64918255,0.9889072168423555
8.737899656999303,14.343015600000001,1.529961766503717
20.5544214475937,18.0214718,1.7157111056023457
18.4532057808065,24.100172,1.8326916174460592
84.473609403,84.36819435,2.5183129620014397
94.665519692,89.4960669,2.7158339057254937
21.0,37.0393371,1.5991270106482245
65.7,65.78439875000001,3.293831227285444
43.0,49.61353065,2.7661927776529405
17.7,30.291447849999997,1.3124946565046227
5.6,41.5337952,1.992607865060988
16.66666666666667,16.4934226,1.2976934988377367
42.21666666666667,24.975931199999998,1.0696115913888211
24.4186662941806,24.811302599999998,0.9357537506253498
41.6917806241034,35.558321,1.0923985923780164
59.48259779589214,42.852659800000005,0.9784189657152633
24.0,33.22745835,1.2630783852556118
29.0,32.2308063,1.3441282495115006
54.0,58.87132405,2.060110071664604
44.0,33.9446085,1.5146369853648447
14.0,31.0142247,1.3715434308166568
17.0,24.554748,1.041132643016046
52.0,36.4643441,1.6832447967064568
116.0,76.76610785,1.8099203484224686
27.3156128286602,23.10273765,0.7914768194285705
41.99458433079511,31.02148775,0.7155646274882566
53.15608236936716,44.02726905,1.3620214325504523
54.7962446714388,38.11782975,0.9061298609217048
8.651984373268895,22.720008200000002,1.0341220305868226
23.4786779642611,31.27364025,0.9772584447659728
24.5587894317524,36.6231038,1.109110931770584
33.77777777777778,25.213917799999997,1.227055481384586
16.0,13.96883105,0.8319179756674824
19.0,25.4999856,1.3534120087957184
77.77777777777777,63.241168300000005,2.4063500112716056
133.7777777777778,92.26771405,3.3696310070113586
21.0,32.6405393,1.1631873153700572
46.0,39.69869225,1.5376996264423823
64.0,58.81786795000001,2.0266831410504063
32.0,36.087428,1.3766749959300673
25.0,25.5385707,1.4073290293894387
40.0,33.79984395,2.735521100955115
17.0,25.754844000000002,1.4637274534383642
37.0,34.03505325,2.773821263063795
19.0,34.028135049999996,1.2648414585515824
10.0,12.066462075,0.5783199718116412
40.0,37.08686075,1.5480570824350615
21.66666666666667,11.193696875,0.6692396922029442
18.33333333333333,19.3941412,1.2746405579164408
22.75,27.4015719,1.5206374678316532
36.0,30.886535400000003,1.4319171501885668
36.77777777777778,24.63277905,1.1472847801439918
-2.794444444444445,15.005946625000002,2.861530034322276
-1.0,17.9280117,2.4654842798947465
22.77777777777778,17.041289900000002,1.2028086435877312
19.44444444444444,13.282116400000001,0.9710818384898255
43.77777777777778,34.4165792,1.7606701832013796
44.77777777777778,45.41395215,1.9844405162227854
36.77777777777778,32.9871128,1.5646140931635388
31.77777777777778,26.32040255,1.3626356222187663
33.77777777777778,28.798488550000002,1.2321694752484114
48.77777777777778,34.1852078,1.4480199555545397
39.77777777777778,38.37694105,1.871181725775831
82.77777777777777,61.0846496,1.623889047326604
46.77777777777778,34.485182800000004,1.511893487368583
71.77777777777777,62.17654985,1.844644913302723
37.77777777777778,39.444195050000005,1.5056863697988536
51.777777777777786,46.55387815,1.4170698871401128
60.777777777777786,70.5007283,2.1131120411646815
24.88888888888889,10.035797575,0.9709804949788514
19.27777777777778,9.52034695,1.0665366950425759
38.61111111111111,28.43356195,1.6433678327128454
12.833333333333332,28.19566595,1.7557703179050697
9.666666666666668,16.759548849999998,1.2643041592915123
16.55555555555556,24.5558056,0.9570870171806353
-0.4444444444444464,16.266667599999998,1.3263001049186813
14.5,22.9018604,1.4090617617580412
13.16666666666666,28.595876249999996,1.395231587454697
9.0,15.1836478,1.0506342786079574
12.0,17.557611950000002,0.9988929010318041
17.0,14.5075875,1.1024306540342073
18.0,16.694328300000002,0.977514934503606
9.611111111111114,8.485539925000001,1.512848440631066
-7.444444444444443,1.6564335555,1.2061298103952987
-2.222222222222222,7.976557455,1.6731390723128639
20.1,13.185718900000001,0.6239395145138292
21.4,20.7154657,0.9741620282185904
4.0,6.0643794049999995,0.4959976972749587
6.0,9.202478975,0.5229944061589364
10.0,10.80548905,0.8841935439242882
8.0,5.70248214,0.5782032482107539
14.0,7.666390869999999,0.641069573296438
6.0,8.63749799,0.5240151696947553
61.0,61.219793800000005,2.2746938978384854
15.0,18.4169305,0.8891483439482085
37.0,37.74805395,1.324901308095476
12.77777777777778,5.22526763,1.6495354862161118
-3.8888888888888884,6.38007916,1.1752217199258062
10.0,13.678407250000001,1.0828834856046863
1.6666666666666672,6.445929425,1.447914101210084
4.444444444444445,13.3842195,1.5620053490976706
11.0,10.1861985,0.5261057803773626
8.0,13.80095735,0.6395693845785099
10.0,12.363676625,0.727711904177291
10.0,16.352846149999998,0.8330110174415314
14.0,12.44339485,0.5249834177512834
4.0,15.82473005,0.9248852681207047
12.0,9.8225471,0.8801207311209251
16.0,12.2505942,0.7140503716445693
1.0,9.432273375,0.9558998191704375
14.0,11.081187375,0.8070836716060169
13.13333333333333,10.888348175,0.6448563666344476
0.766666666666667,10.860182975,0.4697234068207331
1.555555555555554,2.6898426497,2.0555203227060206
4.444444444444445,9.25587615,0.5491338156178115
3.333333333333333,9.2372727,0.5147903444938682
11.0,12.232980125000001,0.7716317280942937
3.0,12.372592675,0.5705020520536528
6.111111111111111,7.465557049999999,0.6500705723005038
16.4,15.818690375,0.883142367116705
19.33333333333333,15.955621650000001,0.9847408835073671
19.61111111111111,30.2950375,1.7129049121226942
41.61111111111111,30.99852715,1.4661168638148323
15.0,22.207638600000003,1.3145886608959672
22.0,22.28658445,1.2879796036625277
33.8,26.273475050000002,0.9466491541968597
55.4,46.40375175,1.4872070392422063
9.5,13.010140625,0.7427277843617879
24.0,26.1985524,0.8015087424428741
37.7,45.7377033,1.1378536134373485
13.17777777777778,6.268321009999999,1.558705311865124
11.66666666666667,9.34092855,1.9029467564552889
1.9888888888888878,11.197182375,2.3407600494951972
19.0,16.2544688,2.1313098649296847
31.0,14.77904495,1.9471525225071473
12.22222222222222,15.76384855,0.9803146994117152
26.111111111111107,21.78474655,0.9748897345643213
12.77777777777778,26.733621749999998,1.1940785919854189
24.05,37.67981055,1.4716444722408328
36.0,49.6467385,2.4188247857493996
24.6,26.81770635,1.1947719423875651
36.61666666666666,31.162289299999998,1.2203641489668517
34.88888888888889,39.79246635,1.2123565841407817
25.33333333333333,37.1363166,1.071933732747231
15.72222222222222,15.4411392,1.3887299510110744
16.83333333333334,8.30620842,1.0357605603251363
-2.833333333333334,3.47413916,1.4109779682907915
17.1973167337307,28.579726049999998,1.055460038066339
18.783368596107,32.5883852,1.1510370725564516
37.3212334628281,45.44285545,1.2411073689130874
49.2730203420548,54.6443003,1.3513427103785591
26.1476634342551,19.56871665,1.3297627563671204
16.4151136834379,24.3575651,1.1082670433317292
32.81788755887361,30.272110149999996,0.947685668914167
0.5009611439647976,18.358024,0.8100378727308463
27.6879262239356,28.56618985,1.0374964050474826
6.983539520415199,27.182436250000002,0.931912247126976
33.92700964933899,34.25415245,1.1196362112940013
64.7619068566646,42.9645681,0.8700030415632193
26.196682272674202,27.320185249999998,1.0772740257674691
26.526500912963,35.23657395,0.9408631658318334
47.09185496765006,43.94941675,1.0075701547225726
30.669560423690605,28.460456649999998,1.0065032831616525
41.02727713120004,36.5138101,0.9855946484803184
12.66875,9.0371252,0.43589159387474796
14.77347,13.50007195,0.579472341616217
18.50832,17.041093449999998,0.617005689173931
31.812,31.067603150000004,1.1777863361759047
11.10428,8.507585675,0.35507106155292756
8.52363,11.941972775,0.48858288914494635
21.76188,21.4896047,0.7959824106172922
9.03708,8.75215601,0.4728225968941222
15.83387,13.71716485,0.6082443175773053
25.61867,23.0046714,0.9720476245882844
37.583,44.6235303,1.8638188420675474
129.410423675,105.9237026,3.3392270746274004
104.17333469999998,90.09497595,2.2142901637623953
85.82172,84.56424745000001,3.307029622420941
89.95968,84.6702712,3.6834709032908153
14.0,14.19299495,1.6846328274290363
16.0,15.825904625000002,1.456225048850794
31.0,20.96680315,1.6237772085385644
22.0,20.370873,2.0120089633366836
32.0,32.051270349999996,2.8486950330188816
65.0,43.6292193,3.8170713958703204
30.0,42.208703,1.4260877951998239
68.0,72.79911875,1.8792183931770778
49.0,43.064187,1.4919604472550085
60.0,68.44409965,1.8548364981557148
116.0,92.77156649999999,3.49707075027114
66.0,82.64216105,2.5825258615900895
24.0,33.7053113,2.356882419103522
71.0,79.4368243,2.8486036976077687
8.0,18.784416049999997,0.9173401796742505
41.0,53.622381299999994,1.6392887080149985
27.95555555555556,21.0823034,1.1296786167276627
20.30555555555556,29.111804,0.8269843645023583
33.90555555555555,36.75797405,0.9398541871110966
3.55,10.6274422,0.827334818579983
8.0,22.5296837,1.3377046115830806
14.333333333333332,18.782700900000002,1.0014692102369507
28.905555555555555,14.75775655,1.114249709458223
29.92777777777777,30.938955099999998,0.9942186304409528
33.6571496219226,26.9813009,0.9507806118757527
43.96609997129372,36.22420255,0.7977528440158769
48.79930329335,43.88888195,0.7025626574032546
-18.33333333333333,2.2435175895,1.4215531410093818
17.77777777777778,8.259840755,1.6801884808928118
32.23333333333333,11.60396035,1.4411223177352732
35.77777777777778,24.8225086,1.2150793745531023
26.77777777777778,24.8879683,1.158143170047736
-6.95,8.803854959999999,2.3338367601333667
10.54444444444444,14.160000199999999,1.986456486686058
11.91111111111111,17.114144250000003,2.0357639876229285
11.83333333333333,23.9463432,1.6733126923246593
17.0,21.226932249999997,2.199513776246059
0.0,12.303455099999999,0.6605469835918005
36.38888888888889,23.2596406,0.9026553536069012
31.888888888888893,28.79535415,0.9304992341989141
41.22222222222222,36.1559116,0.854475253618168
45.94444444444444,39.5178553,1.0645578831653972
13.4564778725961,18.8837157,0.8475542821089209
25.741164273761804,28.67481835,0.8046617646293036
41.21325741324629,39.74541875,1.220342486337981
7.333333333333334,0.74639042025,1.2225037004550379
8.944444444444445,7.836799205,1.5968921825512512
6.666666666666669,11.4754433,1.3506596946653844
41.77777777777778,34.86626855,1.725061799528245
54.0,29.9775651,1.2941963089433208
34.0,30.15568735,1.2702317074729765
31.0,32.324195350000004,1.2789253210640021
45.0,62.4657518,1.6446516958192434
40.0,37.16769455,1.449026013241542
49.0,46.676512450000004,2.0760925372564034
9.0,24.9451982,1.1104752896640158
31.0,33.587649850000005,1.5463468884311036
36.0,25.720792199999998,1.2084863766025487
23.0,34.6646998,1.40610353772565
87.0,83.1249676,2.8534347207509936
74.0,83.4486688,2.8191493141142807
14.1111111111111,3.712697608,1.747336820504806
23.16666666666666,11.43202129,2.302368792671007
18.77777777777777,20.0407185,2.2247244921485043
8.777777777777779,11.51445515,1.324589044258515
14.72222222222222,19.438462899999998,1.072553664906521
33.0,31.375085849999998,1.7985477772148128
48.0,44.61427845,1.9290396254602817
81.0,79.20418565,2.279120075701384
0.0,10.9148192,0.7761906408552777
13.911111111111108,23.9357703,1.3653289775595097
13.333333333333332,13.758572475,0.85107241784239
31.111111111111107,27.348195750000002,0.8969074256400146
35.44444444444444,34.98309945,0.9342911979709809
54.44444444444444,47.4927595,1.2968630997950197
58.05555555555556,47.5440399,1.2683550914281352
10.16666666666666,14.08490455,1.0549771419092442
27.5,17.8480892,1.2517788008981285
10.33333333333334,8.731232819999999,1.2132736249990486
16.38888888888889,17.303981049999997,1.2771010267130902
3.7222222222222205,9.4523598,0.6687547068299564
3.8888888888888884,15.893691874999998,0.6762049612889854
14.27777777777778,15.917985775,0.8188579382505288
24.0,20.63666885,0.8562009632817259
31.5,29.753840150000002,0.9934594097432987
59.0,55.7247336,1.6676427359954407
83.1,95.9292908,1.9731252648533986
1.4,14.569675,0.784489859900788
29.6,22.488314,0.9755858591850822
19.44444444444444,11.27868335,1.0172124588165998
34.44444444444444,14.015263975,1.0848603211073626
18.88888888888889,17.82729445,1.1685842224942415
42.0,42.9230308,1.4523959226125054
0.0,6.0481595949999996,0.47633623994445495
10.0,12.90539305,0.6999110557532688
27.0,27.7957075,1.1159918331517105
25.0,13.884628275,0.6492216054123965
41.0,25.6785915,1.121689493200958
55.0,35.443920299999995,1.201626018360564
-5.200000000000003,6.258779305,1.5093805995393328
17.4,6.611792165,1.2269794200087525
24.1,10.466881175000001,1.0381429061489824
31.8,11.9554986,1.2631772130237557
49.5,21.32663085,1.6215472005792966
52.4,24.8708941,2.041176344630351
19.4,10.2728632,0.5776025730951532
16.7,10.25615425,0.5819254106100237
30.2,15.2717804,0.6989089337770773
30.9,15.220008525,0.7864456130244529
33.09999999999999,21.749681849999998,0.9925069169398251
26.3,21.4485691,1.2676521186901684
26.0,29.204657700000002,1.0187803864925482
25.4,29.18348545,1.182216580382064
37.7,34.21156155,1.2228340946205112
33.5,34.161859650000004,1.2601083710223322
13.09444444444444,10.590275925,0.5288080097336161
10.33333333333333,10.713621675,0.5549871153775668
14.52777777777778,17.264774850000002,0.41105475700142813
20.61666666666667,16.943689749999997,0.7463226950340105
25.26111111111111,27.35384775,0.7421298126942257
22.71666666666667,35.39505905,1.0349152481266262
21.55555555555556,35.4387698,1.0351487846748144
19.45,37.39477865,0.9851604683047587
35.78888888888889,37.574152100000006,1.1692152472747612
6.9,6.46137495,0.710218356327069
10.8,8.466015989999999,0.8621923874875966
15.63333333333333,22.46108855,0.8975296919393736
14.583333333333332,22.56046215,0.8033676485990103
14.0,12.739142275,1.2765296121833132
16.0,12.99683465,1.150516049026103
15.0,30.0927544,1.1673541773828084
25.0,29.9058648,0.9752332676631832
10.0,7.373023885,1.4343284578393547
13.0,10.409666525,0.994325328797232
0.0,7.314928165,0.9150229843369178
1.0,10.407435625,1.200141009814887
12.0,11.055932275,0.5205985877820047
13.0,15.505394775,0.5532256268900666
20.0,8.340101455,1.0654794702976729
155.0,165.996785,4.675122000370968
5.5,15.291897975000001,0.9296271586343308
19.2,25.774048750000002,0.9392068481142609
43.8,52.07775265,1.5559185441703178
26.666666666666675,16.72077645,0.9919291510694266
13.05555555555556,9.374122565,1.470400680559957
3.6666666666666705,13.884083975,1.8261138325709056
6.638888888888888,11.435002525,0.5223794607203776
68.61111111111111,72.30519975,1.2558291729984157
15.44444444444444,24.7742295,1.2749311020350327
19.77777777777778,24.72113685,0.6896915396111419
10.55555555555556,18.9667336,1.7177100419451485
20.9,35.5606316,2.0615956126354473
44.6,36.241933949999996,2.3145277753335267
63.8,50.031143,1.6719456350087265
47.3,49.53822425,1.5792813712008331
7.611111111111107,10.17096595,0.9807836368103134
14.347505870846998,30.4370537,0.9785779745561037
6.874717655009604,19.444635249999997,0.9623120701364516
31.750933150240495,38.30568475,1.4307482775644607
25.1145181893577,28.5133307,0.6398004230924472
34.9756996557185,36.3983927,0.8534605717278994
27.8365937008571,12.678451775000001,0.6947706318946387
40.10665666844605,34.6561712,1.1101251981891438
45.02761845202094,41.22686175,1.3217397105245656
36.6733141749503,19.723618899999998,0.8571779886304945
6.1107745790734,11.44797935,0.7516023435260286
19.5698197374075,23.6066511,0.9965663713903861
45.64365069853718,35.6246699,0.9197898105753852
20.1475273500687,18.98202165,0.8369556641347813
16.8127409588386,14.629369,0.8993434633791708
7.205923615802597,24.53640335,0.8717400005322254
24.20220152402401,33.39217205,1.3167507365277862
20.2021217654375,18.72149575,0.8603617674449127
11.3712355499189,19.494274150000003,0.9250443262656902
35.4974067758942,16.431763475,0.9011144266815494
33.6187978231119,29.539410500000002,0.9190751828997792
39.3442922719741,35.59119015,1.154807414990381
6.339921337166402,22.27659585,0.8163423409052482
13.284286071678702,29.604054,0.7564145633972632
89.052108987,91.35672375,1.902553559420376
21.21627,8.89005025,0.5186414443008646
8.52363,8.61344936,0.8929844664616137
22.30883,8.65403692,0.9490494745234335
4.46427,8.510500480000001,1.0091652993011568
11.10428,9.299092385,0.7122944933050377
11.62443,9.338333985,0.7054264322208563
17.43452,10.326183349999999,0.7905065162734536
12.14592,10.43551755,0.7119109636844178
30.673880000000004,10.62844305,0.6083239464266359
20.12907,10.519988175,0.6754037455359233
11.62443,10.766664,0.7364288224753973
15.83387,10.89476475,0.7458313434894842
16.36608,10.80617735,0.7502428194011959
9.03708,13.101173975,0.7824935445236065
18.50832,13.240487875,0.7255894236606951
7.500749999999999,12.843260175000001,0.6659649764544141
18.50832,19.1355151,0.9230959878649158
17.97075,19.2399493,0.8664453248867555
22.30883,19.232856,0.9130719883524497
41.10992,28.573236050000002,1.3630660528436958
36.41808,28.30694805,1.6308252951732094
35.83763,28.6051554,1.3529627604775343
58.83674999999998,59.4946863,1.8375559344648424
11.10428,14.080151675,0.8977770324640783
45.28563,40.5063669,0.8218137937471262
95.552,101.05422885,2.5266128957152185
155.38107,157.99392949999998,3.1618093610787144
153.76323,158.796299,3.968992712089554
49.0,66.70104615,3.5609296992756225
58.8,32.0786274,1.4973767145012522
61.40000000000001,35.289848,1.9084914320597213
95.77777777777776,55.14610765,2.279040632352484
99.77777777777776,68.0093979,2.1408642639716433
87.77777777777777,45.219838700000004,2.2441320718373414
37.77777777777778,27.838998850000003,1.094433256212465
42.77777777777778,37.48489745,1.2637905791679769
31.77777777777778,21.30315645,0.8403057466202395
37.77777777777778,32.03551505,1.4211830254384799
56.777777777777786,40.23416535,1.8346380240587343
39.77777777777778,46.312501850000004,1.7159536129501152
66.77777777777777,86.68347555,1.9697828630181167
17.0,17.603835699999998,0.6636487419228647
41.83333333333333,30.747015850000004,0.9121034901153241
27.0,37.12726055,1.3062732108726833
43.0,70.3799243,1.748267890729988
34.0,44.213435,1.8656491402519797
30.0,41.83959615,1.8380718256216284
8.0,39.32241095,1.7032533260095137
31.0,39.2647169,1.6303306915848608
14.0,29.4493152,1.1020043108427775
6.4,29.95760825,1.659282248622732
29.6,35.9309765,1.5454158606707062
36.2,52.21894345,1.9779174037022538
92.0,82.72529225000001,2.4128329993119735
22.22222222222222,11.224559975,0.9459735365205084
34.44444444444444,26.094682749999997,1.0667664112241688
22.86666666666666,16.7801519,0.8879562662624947
15.27222222222222,16.4185552,1.1929085885964252
30.02222222222222,22.90988635,0.9975028593582689
30.55555555555556,22.82028895,1.0618453524188056
28.177777777777784,35.48879635,0.8553793121194994
47.33333333333334,39.42237995,1.0752264333780552
29.72222222222222,39.31376865,0.9890403985426481
35.46666666666667,43.024730749999996,1.1540984851799796
23.33333333333333,16.313664125,0.63744455164797
25.0,24.7653921,1.058786415441501
37.22222222222222,29.5149022,1.2405654327016242
28.888888888888893,35.00799925,1.2567049935859995
-2.777777777777779,9.498425375,0.9949414856209654
23.28888888888889,21.4372603,1.7417308562279468
24.95555555555556,26.841706650000003,1.9479500893032535
13.84444444444444,15.185890225,1.227190790289012
24.95555555555556,18.32329195,1.534636972564607
24.52222222222222,14.564324099999999,1.3632595155989349
36.35,14.6985976,1.1582293675494688
22.02777777777778,20.92719605,1.0793034436306095
24.42222222222222,20.9016297,1.132880101311655
22.13333333333334,31.80502605,1.0040102874791925
34.92222222222222,38.7628586,0.9858118563479276
34.36666666666667,44.333561100000004,1.1150354153635849
50.25,44.2814895,1.0159645467690972
49.44444444444444,46.60918565,1.6963144905567382
17.77777777777778,12.083940049999999,1.2374046078409637
23.33333333333333,25.9486628,1.0680166993465579
37.77777777777778,16.287918949999998,0.7950774790141014
-5.333333333333332,10.2903309,1.2556739457123647
2.555555555555557,21.58439555,1.0628366623242604
-0.05555555555555349,10.268548800000001,1.2515844389565132
18.77777777777778,15.531750525000001,1.1656757654357168
9.85,11.9814246,1.0592547765130196
21.11111111111111,17.77643395,1.2317354051442375
-6.333333333333333,11.683047575,1.270318727716201
5.555555555555555,17.566195099999998,1.3262831450611337
18.53333333333333,22.917400699999998,1.2340093414249806
55.0,39.25081915,1.473267230012199
52.0,39.2661616,1.4303323427836945
54.0,33.4749419,1.2896535150260489
34.0,33.3238399,1.4552166267561573
11.944213696429,19.93278935,1.0478289681336994
35.6259891715145,30.450078,0.9902224032692434
39.90666746868069,37.639041049999996,1.3035691170608843
34.04444444444444,13.376183225,0.8704156198007466
32.58888888888888,15.2916402,1.1014959752351916
25.71666666666666,13.07957455,1.1076254736532338
71.77777777777777,72.35643165,1.6067629742460539
80.77777777777777,58.95847955000001,1.5725660375232322
52.777777777777786,68.23775450000001,2.1622060299437496
77.77777777777777,72.57759235,1.3075771242607164
45.77777777777778,33.61805785,1.3770578906511741
60.777777777777786,68.347257,2.347473858271595
-3.2777777777777795,9.2517997,0.7260947776739477
13.94444444444444,15.6235792,0.8820580936230061
14.38888888888889,26.19331295,0.8690781124254586
14.5,9.55427675,0.688170323090445
25.94444444444444,15.714485700000001,0.8935366780031793
2.611111111111112,16.243023700000002,0.9679470719829292
14.0,7.85249274,0.5075886039956399
19.0,10.920318175,0.7361467595002671
18.0,9.450886125,0.6658311884683349
18.0,20.86437055,0.9678520247106872
38.0,41.41989235,1.0786236594044187
57.0,52.589169549999994,1.6647431938936104
7.0,12.782601,0.6399814381715548
10.72777777777778,12.8334105,0.5587384086656153
13.038888888888888,19.75063025,0.8780195176379909
32.67777777777778,29.34268135,0.8824613880467506
32.12222222222223,29.21368055,0.7293954558882795
41.38333333333333,37.250980750000004,1.0801471603707218
43.26111111111111,44.8569972,1.156254322598468
44.48333333333333,44.807939399999995,1.3376621530023902
13.333333333333332,9.56109122,1.147388982548859
8.333333333333334,17.5453958,1.3702369770233023
32.22222222222222,32.754099100000005,1.1309120521753513
50.0,47.2989348,1.5327189961420844
9.444444444444445,8.503683265,1.1154807807888747
19.44444444444444,16.46236755,1.3983238925831123
25.55555555555556,23.2456302,1.4353631154403002
32.22222222222222,30.938577249999998,1.2155762928764484
39.0,45.566410250000004,1.2577901391021138
4.1,6.069748885,0.7681295353868076
4.4,10.401211275,0.7796609238200161
8.322222222222226,12.1616338,0.6110173084203268
8.377777777777778,12.22369285,0.6390654304355011
16.65555555555556,15.791962225,0.9285524471955553
19.48888888888889,15.768393699999999,0.9354770343207313
31.1,21.9415643,1.057912774933742
26.155555555555555,21.7705309,1.1391390183382917
32.76666666666667,32.5103555,1.2697011408583099
27.822222222222216,32.39131415,1.1206369307962556
13.86666666666667,12.355662075000001,0.716562816808501
13.85555555555556,12.342379675,0.6904399814409012
27.75555555555556,17.053555550000002,0.8196553411316426
27.74444444444445,17.28797405,0.5954233775018701
32.75555555555556,24.831414950000003,0.9176009528077166
25.53333333333334,39.25562315,1.306808132845075
36.63333333333333,39.142638649999995,1.2079238695962793
14.216666666666672,12.0148122,0.821548005347389
19.71111111111111,10.49534195,0.9675855577252982
11.71666666666667,11.9354118,0.8109104495100489
12.0,8.11119668,1.3172552242093714
26.0,10.602319275,1.2026133149039426
37.0,33.06241885,2.682865275892908
69.0,49.59466245,2.6185222462478914
5.0,12.197593475,0.6757095446105346
51.11111111111111,45.89217825,1.1222179823704337
52.99444444444443,49.686731800000004,1.2556890283733135
24.44444444444444,18.4274811,0.4960017083314066
45.0,45.78183595,1.146703689292991
38.76111111111111,49.382867700000006,1.1909252063950824
19.0,11.891457825,0.9237530716801758
6.666666666666667,10.555281825,0.7613417322426879
21.29444444444444,17.7441283,0.8326553832022557
12.22222222222222,10.699493275,0.8415443345827684
6.399999999999999,17.63084305,0.7731262885214789
36.05555555555556,34.81620705,1.5569587834238525
16.88888888888889,34.46638765,1.2484572517916614
22.0,25.49451265,1.22970415662109
7.222222222222223,14.068931325,1.0764843387096803
6.666666666666667,12.442158375,1.0377905399142813
-10.0,17.1522453,1.1132638601835831
19.98333333333333,13.303034450000002,0.6554258773536388
3.183333333333334,13.06901825,0.723631706087818
32.55555555555556,41.1995949,1.2852619728311743
54.44444444444444,59.755014800000005,1.5757559337241627
59.44444444444444,59.83621000000001,1.722352041317827
63.88888888888889,70.425882,1.5291683177097155
71.11111111111111,70.5638255,1.488502605637287
14.833333333333332,11.68989385,1.191776163562219
0.0,11.10968085,1.067003253750429
8.5,15.13514055,0.763601994010449
17.72222222222222,15.3676018,0.9549920135122568
0.9536943705625018,18.962141499999998,0.9907550564389871
41.9081572047787,28.887482849999998,1.1552282038442394
51.9453074649938,40.637206400000004,1.3514966391499952
40.117691783791,21.2825258,0.8573955483471044
37.22266151583369,30.78047915,1.0008082139115717
41.7116086059346,42.39884605,1.4877947582879163
23.86154089838374,39.15314985,1.7837544751793764
24.93196851716653,42.999418049999996,1.5155792701212316
51.4092608781893,22.2410864,1.0198441863970875
49.5417076665224,32.60223365,0.8962952901609273
73.3883906678278,44.4171317,1.3151356330459099
64.673876750622,22.89612075,0.755643038040824
65.8989360607786,37.643423150000004,0.933164622018355
71.4540042766914,41.936365699999996,1.2145198588444703
44.5602513455493,32.5560567,0.8955495338333125
59.88149746203571,46.886409349999994,1.4203442151689585
54.7417851603186,40.20717355,1.2769214629384988
37.58137158679791,22.0779366,1.1319714185702006
35.55163786226882,28.77254335,1.0021368159417245
43.88399004238155,41.20556295,1.4700002749204
19.4783739756825,21.39768885,0.8139822861138213
35.9653252632155,32.044924300000005,0.9878778436900997
53.7069520064072,42.877851,1.6241774098850301
41.7891445490313,22.65867185,0.525735622852427
42.19910416256459,32.664559600000004,0.8127777346698117
69.71540599575765,47.1883579,1.5012888474928863
34.64513253644029,36.85669785,1.2338640719638392
38.02096422811019,28.93468205,0.8308275093915309
31.595687014941397,22.13272925,0.8678246357394462
15.679212534565,21.825934150000002,1.0184437311939425
33.93722083782038,43.775165099999995,1.3300209760333577
54.32013920604842,33.1543712,0.911617607160371
37.781482975098,23.486062999999998,0.939768982355882
20.3012688668199,20.63305565,1.0021989496239223
32.5290692485058,30.854326500000003,1.1669230240362676
57.0732351521154,39.08547365,1.3455530927267616
19.58748,9.496900100000001,0.7231206156218741
16.89963,21.481389200000002,0.7611267127640509
12.14592,11.20372555,0.6367135425120631
20.12907,15.937363249999999,0.7934162420172837
13.19292,8.607216525,0.6173272139901188
23.40675,11.50982725,0.6761333346178552
26.175,15.480441899999999,0.7979960470889199
27.852030000000003,30.092228799999997,0.9228597912389175
21.76188,13.886436875000001,1.0681171787039427
22.30883,19.8228701,1.1595314768407619
30.673880000000004,20.788574,0.9459648644699677
11.10428,13.695824875,1.1239697833455013
9.03708,8.098332635,0.6244794620431325
19.04723,15.288974149999998,1.021586194500804
24.51003,23.7634516,1.2279031837100622
32.38307,34.39669685,1.6367113870839411
4.967000000000001,6.071094515,0.3783673584147195
17.97075,9.744986475000001,0.5973755208087167
22.30883,23.440926150000003,1.1927097506569817
5.47107,6.751823275,0.45119745080805024
13.718430000000001,7.135972275,0.5150819956674019
24.51003,9.6730331,0.5073992545787218
14.24528,13.751959300000001,0.6865757467070185
28.97675,31.099852900000002,1.956200278012263
16.89963,15.6290334,1.572674635988218
21.21627,22.3251201,1.3521261134343354
19.58748,21.9186173,1.1432972350389905
15.303,14.44762615,0.741667019841081
105.12571258799998,97.3418535,2.1541971586855477
108.324450963,94.7036318,2.096577869104687
55.8872603,61.173486000000004,2.827613925093661
198.9744012,188.7820405,5.529301890170868
80.51449079999999,79.1021025,1.5199500887376276
43.0,51.362832649999994,3.4112820665829053
40.0,30.221629749999998,1.5391089757675371
66.0,62.61419665,2.601998753048314
105.0,113.56368795,3.415994181059086
56.0,73.6626571,1.9354447581755339
48.0,62.7053004,2.5334715868900513
71.0,102.74734049999999,3.2635162518940803
0.0,48.81597215,2.3006183270109037
53.777777777777786,26.067539449999998,1.3280993783113513
72.77777777777777,85.1569255,1.7484211548391908
-3.911111111111107,16.88617345,0.5493403815615191
12.22222222222222,18.021248149999998,0.9179169141713311
32.66666666666666,37.178180350000005,1.5033994604919205
55.777777777777786,36.4408382,1.6121872751488753
104.7777777777778,69.97352605,2.722399548758998
116.7777777777778,78.59788395000001,2.914349693074625
22.1,11.4686312,0.9618485976238046
52.3,53.499442450000004,2.554609937846677
-0.7661312043578974,20.4643881,0.9323735243147155
22.672786958311,30.4370567,1.1230896810446438
47.1622489421352,52.95535700000001,1.5957173094730452
0.8888888888888893,12.480743149999999,0.9072451573557158
13.0,12.789261225,1.2396943078712728
29.388888888888893,25.63579585,1.112866085104643
0.8888888888888893,25.1247164,1.0263175751383347
41.33333333333333,33.39654815,1.363849176109189
12.88888888888889,33.1379351,1.1702148667816197
22.85712,21.50363415,0.872963555059628
31.812,33.466957,0.8703521563136938
55.07667,54.03512965,1.5723166843887033
86.50803,83.81258015,3.0779435387875487
37.9106584164752,27.8922873,1.3652240982229795
38.1035724547752,34.73512025,1.568200438834502
19.0,36.57923245,1.4870651124274945
37.0,36.5124944,1.7421173314418412
87.0,72.66045455,2.332872908635311
99.0,78.9683164,2.9432484193918786
-14.0,31.28801995,1.3163032515675925
10.0,65.32193075,2.5120275619384036
3.0,40.52104205,1.8626079011358883
36.0,27.276446299999996,1.3289614427795673
53.0,39.1863252,3.0487723425708255
-6.0,34.108054249999995,1.226728807344273
57.0,28.224971749999998,1.2393061332858746
36.91111111111111,21.31875985,1.422179798706096
25.69444444444444,30.45853295,1.7627666328647758
45.8111111111111,40.71477265,1.7945390064013145
48.98333333333333,43.2040535,2.0443045384461502
3.7777777777777777,15.8839575,1.7154259335195585
21.0,18.4803286,0.8212667668937708
29.0,38.44841625,1.0097378705903866
46.0,56.4704834,1.2458765671921377
96.77777777777776,127.40832129999998,5.918019157371541
75.77777777777777,72.56854530000001,2.332870843956526
-2.666666666666671,8.983616425,0.9033631628348473
1.388888888888886,15.785973475,0.97658659256953
8.277777777777775,21.87378425,0.891606384166589
11.33333333333333,9.16171339,0.9557376556831539
17.83333333333333,15.935720325,0.9809070193112395
45.11537012841359,48.087061399999996,1.948786814228505
-6.666666666666667,11.619932275,0.7617242980807539
8.333333333333334,14.865972825,1.1154424126523836
-18.88888888888889,19.5222747,1.1608688843319086
38.33333333333334,32.104594750000004,1.1674368142985576
51.0,48.41089375,1.367879533060372
-1.0,5.715080995,0.7176714001699307
0.0,7.488035585,0.7059515994634702
2.0,6.9266692149999995,0.5189154769503036
2.0,6.911497625,0.54237233323061
4.0,11.312598625,0.603051839991583
2.0,13.689580724999999,0.7145499775619818
4.0,7.91851867,0.5684464302064987
5.0,10.291311725,0.5579574946685707
26.0,36.0458825,1.2269497658024917
32.0,43.5296117,1.2293255560012557
45.0,59.28974815,1.152942750271544
27.0,27.4080689,0.9918574495479044
48.0,44.5140886,1.1247901883303635
45.0,53.8497515,1.703117754552343
5.555555555555557,13.168469475,1.1381847745582767
23.88888888888889,21.68803125,1.327772559564836
25.55555555555556,30.821974949999998,1.5411831524071802
18.0,13.65998175,0.39912023370950395
24.0,19.734854050000003,0.6983246564484451
27.0,22.9722505,0.7920289425864969
32.0,25.771385600000002,0.9860275557948563
25.0,28.3679436,0.8900768379523192
9.0,14.626902724999999,0.7485319954203608
17.0,11.034370025,0.8130373964782419
24.0,13.6286631,0.7656244705820142
16.0,10.050408425,1.1308880901805407
25.0,13.106807850000001,0.7873710770009992
2.0,21.04900775,1.4729984514730807
1.444444444444445,12.300833149999999,0.7777341628308228
36.61111111111111,12.4270626,0.7368007677653761
39.99999999999999,19.345518,0.8882376670121928
54.66666666666665,27.675444499999998,0.945227035423849
18.33333333333333,12.578859725000001,0.6237234315073906
6.111111111111111,18.78448525,1.0129485850757352
25.68888888888889,26.1121853,0.9847187415755401
30.53333333333333,33.3838339,0.8586081657659023
13.333333333333332,12.491329924999999,0.6837823669169021
30.20555555555555,26.1712322,0.9661492214550886
29.49444444444444,33.4940655,1.0486431283220738
24.72222222222222,34.1719609,1.1491182492652856
38.88888888888889,49.51767135,2.016900662503326
76.61111111111111,45.9939962,1.242419588485841
19.66666666666666,45.24071225,1.3116754511006106
28.101881825088505,34.96077985,1.1114671450014681
45.40165427563571,41.5334639,1.438924777260434
14.6649370943923,23.39458835,0.9461259297160053
34.507826912248,35.59311865,1.2341734670981979
43.57458280754,49.25107985,1.5305448132058377
5.495556185276801,21.957888500000003,0.9734878098187114
-5.529450125881603,33.0007448,1.2543548200102328
44.373315561964,40.7494618,1.7975676506793867
14.212925464258998,23.65453315,1.0852764556386092
32.05222693961547,31.7099993,1.200194378960872
49.32185823722526,55.88564635,1.5431708853269164
43.90918089058958,42.381226,1.5746113879357162
24.9261703197805,22.9740422,1.1696918082174066
35.0409403510311,31.52931555,0.8144323443851434
42.40846694236349,41.7347509,1.5621550588137065
30.787199636479905,43.0572577,1.4784067633930889
28.486858936550696,23.17538005,1.0158883612210894
-0.7395594808749024,14.931014049999998,0.7681884275525989
33.2487921516841,31.388433600000003,0.8837443773150937
52.24078897924342,49.21255765,1.4690081571905764
51.99262114445607,56.995914549999995,1.2174431023839933
21.7331787157232,25.8430857,0.8914473568795211
39.0716735574951,23.8652935,0.9508993878042934
41.22516142774209,33.908143,1.0030768367521172
3.9628799999999997,6.7965925799999996,0.8879227285695184
8.011519999999999,7.025689045,0.8731176168837445
1.97072,6.754156034999999,0.8731411753022664
0.49067,8.340709575,0.9137350823510955
5.47107,8.603884390000001,0.8505233924986174
11.62443,8.41720046,0.990957193455557
-7.66848,11.499102575,1.0609324329490506
21.76188,13.790150725,0.9603911829988241
23.40675,13.821460625,0.9413664768176222
25.61867,13.566660124999999,1.1615341287591197
22.30883,19.06751405,0.6438136816791903
14.77347,19.05615265,0.7480235275305802
30.673880000000004,27.6032148,0.9372362638131781
26.175,27.701991049999997,0.9364750972350626
25.61867,27.496258,0.8671013214458007
30.673880000000004,37.16073565,1.3663297932823844
45.88751999999999,37.9583756,1.8167597154864932
31.812,37.53524625,1.734825713734952
38.16747,37.745255300000004,1.6992717117844798
26.175,37.30920915,1.4328014611119577
55.07667,73.7866032,2.5337128171921846
67.79787,74.627017,3.3755898108103306
69.09947,74.5871121,3.7996081642130304
26.732669999999995,35.0689688,1.721902761895463
27.291679999999996,34.631303450000004,1.5009598063563565
75.68787,77.58502875,1.5386457776098832
83.08988,77.921081,1.9976713375514068
148.143,143.9934975,3.6895698703149016
148.94187,143.8201075,3.551365312976016
204.63003,198.18928499999998,5.909893202699224
215.38227,199.4610215,4.550323902522329
10.0,51.2554567,3.74800195076452
57.777777777777786,43.64932365,2.880787400616261
69.77777777777777,57.39469715,2.5145526602629116
52.777777777777786,30.24888045,1.4955883767084512
16.66666666666667,14.6996962,1.2081784710928998
23.88888888888889,19.8961582,1.3928942378526121
52.222222222222214,35.718868199999996,1.4492752554096815
19.44444444444445,19.73583745,1.0607125030679523
26.111111111111107,16.028780175,1.2810229293713018
7.777777777777777,11.047601799999999,0.6485576583340505
12.77777777777778,14.0366938,1.2587743621375513
21.11111111111111,17.59065695,0.6443342590266463
47.77777777777778,47.62163405,1.0740841324431027
52.45555555555556,51.18460005,1.1013393065408321
16.66666666666667,23.376726650000002,0.8046895531878822
46.66666666666666,47.7759899,1.2626450501262856
57.38888888888889,50.8572579,1.1597475071248966
40.77777777777778,38.7805157,2.492041500009624
35.77777777777778,48.48082005,2.429899071602542
43.77777777777778,28.157936,2.5974023653162646
86.77777777777777,77.32232765,2.7892813631972486
72.77777777777777,55.040645700000006,3.0232821697365178
63.777777777777786,78.50897169999999,1.751756911536893
144.7777777777778,128.85743359999998,7.474981795340017
91.77777777777776,99.91146745,7.976121105268926
3.2222222222222205,4.671969020000001,1.381634467824488
3.3333333333333295,13.7336207,2.1242009352360465
30.37190740940945,48.399701799999995,2.4554496017762224
48.6006857303374,50.0030575,2.3557192320890583
28.7,38.350034449999995,1.5024109095057656
50.2,64.73833375000001,2.309801076183377
24.2,25.3741909,1.05771770122959
48.2,48.15180095,1.6313855115786673
2.777777777777778,7.095320624999999,0.6716159345976929
27.22222222222222,7.8039982,0.990605416510305
15.0,6.608916000000001,0.807043787596059
9.0,5.26092576,0.8494745877618908
11.0,8.75023718,0.7151368052395328
19.0,7.252615860000001,0.668842846703518
0.0,8.821114765,0.8409879824019578
3.0,5.659431285,0.6259712734136921
7.0,7.1583961799999996,0.5992681555817497
4.0,6.28218822,0.505447593576682
10.5,7.73830469,0.5381609948403475
24.0,15.078294600000001,0.8477356627343963
17.0,11.645698249999999,0.5693789264132109
-13.0,9.005551604999999,1.1668920682930473
24.0,18.32365685,0.9935766504112556
21.0,23.4331162,1.0090189748548415
6.0,11.018975000000001,1.0082958284955759
22.0,14.714764375000001,0.8461360580509631
7.0,11.11116505,1.305878436646603
8.0,14.524581649999998,1.1049237857832106
40.0,49.325038649999996,3.542969810835139
57.0,69.5725384,3.6994146818869997
22.13333333333334,11.903994675,0.8746768548225515
21.0,13.591886075,0.9504575257780813
45.0,46.18301315,1.2382321024090528
69.0,65.18293935,1.908749952962582
68.0,73.51703710000001,1.8269846740117655
66.0,61.085491649999994,3.5661116658531657
187.0,181.620831,6.802350871257202
230.0,215.2991355,10.133578521350358
253.0,216.984624,8.03423789669555
230.0,227.0133855,7.254258940464574
11.3,26.687978049999998,1.2089819567936393
23.33333333333333,20.908215050000003,1.1089387081966193
31.111111111111107,22.7238237,1.1129981604792152
20.33333333333333,40.1907169,2.4680775776076116
8.166666666666668,14.465718125,1.1582535217489927
19.0478807210762,14.0436444,0.7541490876645014
43.559715676451,34.1566956,1.2583289252056473
11.5507253371187,27.401674500000002,0.9860089595530529
31.892659448195097,17.099725749999998,0.9165488615078604
50.5245671564648,33.655885749999996,1.271545555232351
28.907935962884,26.67509445,1.1532552285037367
13.19292,16.37922355,0.8785842414236353
19.04723,16.567884025,0.9505014060837408
11.62443,16.284840374999998,0.7154885141282817
27.291679999999996,25.2788302,0.9838062073316965
22.85712,25.11454465,0.7703261543464122
29.54112,25.49007975,0.8873671690965388
22.30883,25.188938450000002,0.8713912398065689
28.41372,36.662345349999995,1.6808044547941663
34.68075,36.92891035,1.552587580576418
22.85712,36.2484169,1.1858011017144265
93.44483,112.32167469999999,5.350749752655004
138.66108,116.71299919999998,5.79697100787219
11.66666666666667,14.126078325,1.1218577988924194
17.22222222222222,14.166647524999998,0.8944676930711578
28.333333333333325,20.9409569,1.0876932242447241
33.39444444444445,28.6488764,1.3768009545522706
4.444444444444445,17.042604500000003,0.9017082239851025
25.0,26.66382685,1.0796152676366404
17.54444444444444,31.4620662,1.0981385861955864
31.111111111111107,30.25322625,2.8124432707798626
54.44444444444444,44.11135645,1.7215470270849398
47.22222222222222,21.655487,1.6342421612909277
15.0,25.713208099999996,2.676084558384564
46.40000000000001,32.32545235,1.6137067881830731
83.0,91.23883409999999,2.5320254232596398
49.0,58.771205699999996,1.6515507665048783
53.0,71.66007825,2.2161803027635556
104.1380117854128,107.43192804999998,2.6161062644840922
44.84999999999999,28.023811000000002,1.1179905682987898
51.23333333333333,32.84806175,1.2408328058704376
42.32777777777778,28.013282399999998,1.0786145409691763
60.85555555555554,32.90554645,1.3538761686753327
8.333333333333334,17.70546885,1.7522935761595813
24.93333333333333,29.8423727,1.8053488191050253
21.66666666666667,14.525671500000001,0.866012149667568
34.44444444444444,17.7496634,0.8115600496582521
48.33333333333334,26.91705835,1.1419618519247934
55.55555555555556,36.4625342,1.2497221849143156
34.0,25.70317915,2.4265469734305967
40.0,28.3667126,2.3870987450950496
-11.11111111111111,8.04154329,1.093117995713986
15.87222222222222,24.1394516,1.0155191936151573
25.9,24.2829713,1.2159629048222647
149.6900432462222,142.0570985,3.4511428805897064
142.2675888288712,145.820211,3.436186486742631
41.25880402523386,36.043097949999996,1.3653043501282807
51.71047120322781,52.137852550000005,2.3515195529110304
42.83562846699421,58.57478225,2.478188055996916
7.777777777777777,12.840894625,1.0252482998632304
41.66666666666666,32.251725199999996,1.6973092469179933
-1.111111111111111,5.185328119999999,1.0835670506642319
-2.0,7.298792795,0.7665665965820372
3.0,10.07614805,0.915953544043093
12.0,8.556306605,0.7823127591392965
22.0,13.108978350000001,0.7100179694321515
21.0,11.651023624999999,0.6566856074403383
5.0,8.129485095,0.6794916370522809
8.0,11.516836399999999,0.6853045524735816
20.0,19.9782853,1.3932618670374366
20.0,12.919381775,0.822052107063579
15.0,20.84457935,1.3778558101909562
5.0,10.15356995,0.591527845857744
9.0,15.603959499999998,0.8850004970937346
22.0,18.31342055,0.9698044631111804
42.0,38.3587688,0.8466947490132979
50.0,49.100791550000004,1.0939702262261104
36.0,56.947300500000004,1.9635278136008292
48.0,30.167623900000002,1.2978625877299748
69.0,55.707735400000004,1.4428249049305066
91.0,70.406383,2.242771290886508
41.0,41.9941772,1.0475226446242032
61.0,65.60334950000001,1.846881892964363
76.0,76.393137,2.1366262300297296
13.88888888888889,14.007287025,1.1862826718653359
41.66666666666666,14.259127000000001,0.9592239698975963
7.222222222222223,23.516676,0.9294126703969672
8.88888888888889,23.451411450000002,0.7972137438311724
38.4,39.1878576,1.164529713566061
69.8,60.6232937,1.8980697046994068
12.893493646655,19.22685935,2.3485386216536375
33.8672756140441,31.15151755,2.017214100739759
34.1566162383612,38.9407523,1.4477001536726455
10.0,6.433271585,0.9710790322102675
1.111111111111111,-0.7041351785,1.1140659006816416
29.44444444444444,47.58540225,1.5762512838564955
0.5555555555555556,3.02310704,0.9505201427019322
13.05555555555556,18.8117797,0.6217269106132062
18.55555555555555,18.95326235,0.616199402964937
29.388888888888893,37.4192913,0.9581294111393974
47.55555555555556,47.9571485,1.1481716661567227
47.61111111111111,48.0038183,1.0511557606135047
80.77777777777777,80.0335388,2.6959625542486494
78.77777777777777,95.41711955,1.9793668399616684
85.77777777777777,69.006626,2.1898415608931265
-13.88888888888889,11.88381738,3.4311568039500613
83.88888888888889,76.20291125,2.0601188906298016
31.111111111111107,25.2934391,3.3821866623811334
58.33333333333335,37.6795778,2.4830521321521695
22.77777777777778,18.57991925,1.1507836818094133
21.11111111111111,20.888293150000003,0.9978257564267192
22.77777777777778,28.88126915,1.149120898919247
98.72222222222224,89.67946265,1.4155979997946315
112.3333333333333,98.3236892,1.5784714400826487
89.83333333333333,89.54529135,1.6596575922867927
99.05555555555556,98.030765,1.7159105598923876
59.44444444444444,44.244710850000004,1.298205010155754
71.66666666666667,57.391227349999994,1.5451710023627
81.66666666666667,71.93088924999999,1.517723553336166
40.0,28.618886300000003,0.8663581248542414
56.66666666666665,43.9449131,1.1387427854741667
62.777777777777786,57.5889144,1.6090753387481318
83.88888888888889,72.03129779999999,1.7310421543594887
8.88888888888889,15.022496725,1.0872253041831987
24.44444444444444,17.797440849999997,1.2958692730224013
18.0,6.8695318400000005,0.5723089789097616
8.0,8.80841969,0.6676538035449439
3.0,11.358679775,0.8974613576929458
17.0,19.21592045,1.1533550246629671
41.0,43.5058226,0.9073660354569615
48.0,53.27220955,1.2195499002463546
24.0,26.04250495,1.0445188517880764
41.0,47.660324700000004,1.729354524810922
44.0,36.65434445,1.3312975378238874
64.0,49.32563205,2.1594049829920023
78.0,59.815996150000004,2.1497128673149097
65.55555555555556,53.5831275,2.056940743147134
105.55555555555561,91.56621865,2.510135916900566
57.222222222222214,41.2591879,2.025238788675338
112.2222222222222,91.65066525,2.4192569577530665
56.66666666666665,41.533972,1.5207936115903784
31.111111111111107,18.8525145,1.3413308201547443
30.55555555555556,29.67518675,1.1931851052495839
25.0,30.94854485,1.0894132892357233
48.33333333333334,31.0975212,1.1946370924046392
21.0,15.614054525,1.1336098695009609
44.0,25.708903099999997,1.7954772290917949
31.0,27.25235435,1.0413706569210799
39.0,38.3161638,1.057998915223132
49.0,45.6181361,1.1505052260317683
56.0,50.055521999999996,1.2014348593044468
59.0,54.51446095,1.012063563058663
73.0,69.91926395,1.4063134227091962
24.0,20.45079475,1.2490930440084107
18.0,31.6838771,1.5686637440079507
24.0,36.83291165,1.9733182856083655
34.0,42.455585150000005,1.3088023518686354
21.0,19.038074650000002,0.9728254207086039
36.0,31.101718749999996,1.3719206864145987
30.0,19.66990735,1.1008861898787339
62.0,59.561602449999995,1.3860517291293546
77.0,85.7735663,1.9903239161601454
63.0,49.8845024,1.0563496524695628
104.0,83.53705195,2.3930440878041868
17.08333333333333,22.606184849999998,0.9530889223748268
22.22222222222222,20.10072785,0.8832201429104559
35.47222222222222,47.58130685,1.1875589112861682
8.333333333333334,19.988514900000002,0.9120380837450003
15.55555555555556,34.354094450000005,1.429255812639145
32.38888888888889,47.85807805,1.4384219586734792
48.0,59.715820550000004,1.4187262352915657
55.0,59.7798552,1.272060590658225
-28.93,-1.78919636,3.844416221642479
-3.719999999999999,4.93700934,4.298665020688585
39.28986785917724,16.044888925000002,1.1460630829242326
19.4031838547049,15.294414275,1.8320029460637757
22.31185954110644,21.521384849999997,1.724439116332498
15.5,34.17922185,1.2932633371418985
4.5,8.171194025,0.99324961765154
7.666666666666666,14.184493025,1.280603690313514
11.4556674028899,21.1995091,2.3816268684415767
35.291393468088,36.6034354,1.5179860394319369
51.70065813195365,50.9947971,0.9753937806965254
8.698546838295002,24.46696245,0.8310012495288891
40.8169190988466,46.23418765,1.179390555469636
53.1285310087887,59.418636649999996,1.3550998720822724
62.38343014040849,41.200911500000004,1.115974996323772
31.17842820937043,29.594250549999998,1.0859251674644441
61.03724965899439,47.368717600000004,1.1743164683986396
98.0,110.0434663,3.008205667648128
131.0,118.76124784999999,2.6242021480600473
126.0,101.46144065,3.8859161409262133
104.0,69.32168709999999,2.5432499162364124
137.0,118.26812720000001,3.69415252201246
98.0,85.5118762,3.4508363981306958
155.7777777777778,155.74163000000001,6.560925443336567
79.77777777777777,93.3036478,1.8302056298382552
13.88888888888889,11.342167725,0.8403041777814824
31.111111111111107,32.34820755,1.0316141169447186
40.0,37.44651135,1.193776339644613
34.44444444444444,43.856061849999996,1.3244334667648132
42.77777777777778,43.86604415,1.228575511926002
98.77777777777776,96.3997041,1.7739988145638623
67.77777777777777,50.127608450000004,2.081858189971907
139.7777777777778,118.56799275,6.0019455978211695
38.77777777777778,40.071816,2.0254490478227023
31.111111111111107,28.611758099999996,1.0518772282285007
45.55555555555556,45.174376949999996,1.074915623721302
50.55555555555556,51.06147555,1.6732976117501905
53.33333333333335,58.6747646,1.4654324847575095
43.33333333333334,29.0864748,0.7634307103142406
56.66666666666665,44.89812645,1.4601840866955058
76.11111111111111,58.95499135,1.2472742361131368
54.393125537824474,52.20815025,1.805624849250949
78.46268505373169,68.70843205,2.0378858907861117
65.5486984234681,67.4515129,2.121126018531141
91.339506992143,83.07678630000001,2.061999096580181
11.39,11.292197849999999,0.79930669932809
16.61,15.703410324999998,0.7172173809526182
23.83,17.27843975,0.6664933823146714
7.06,8.73254849,1.18078203500017
6.22,9.86552287,1.267693512549756
3.8888888888888884,11.989718374999999,0.8354431196736078
26.0,10.0912493,0.7700124638636734
20.0,8.163601455,1.0438880362573708
19.0,16.6822352,0.9526944791092923
6.666666666666667,17.37026435,1.4646356159334886
44.15555555555556,50.5067527,1.3643494259317226
8.333333333333334,17.41775905,1.4891205787234383
36.66666666666666,36.4167647,1.2872854326582412
12.77777777777778,15.3007575,0.5976114194440633
16.66666666666667,15.124331000000002,0.7937424840265458
24.67222222222222,29.416049349999998,1.034667460588045
15.75555555555556,26.4209292,0.9538574103667365
14.12777777777778,26.10980975,0.750652380840888
18.83333333333333,22.5250691,0.6500522493655811
38.31666666666667,34.5670624,0.8765642537203758
30.72777777777778,28.70418975,0.963742810967787
17.66666666666667,24.85721165,1.7452959321296613
43.71666666666667,31.8204564,1.60168111976078
42.42777777777778,34.518061849999995,2.6917410840792493
2.0,16.7807201,1.4016475336768928
9.0,18.921855700000002,1.5764927096886237
34.0,31.831136200000003,1.2104105992200194
35.0,34.96425815,0.9794474867203815
11.0,27.956895300000003,1.3943941003525542
13.0,16.432933075,1.3650536636635848
26.0,30.14682695,1.0994976928298936
29.0,30.222387750000003,1.0846126727894434
7.777777777777777,6.756161090000001,0.7694587978519064
25.05555555555556,19.9090551,0.767315883777779
16.33333333333333,19.7213693,0.7850786299606252
57.05555555555556,43.43130055,2.0761796248311346
27.22222222222222,24.79805475,1.0600429282103767
62.222222222222214,49.4565444,1.4136819876570317
46.87777777777777,47.3142281,1.465971675248694
32.22222222222222,27.961253499999998,0.9927847497295833
43.88888888888889,52.2618999,1.2862325055041022
60.15000000000001,59.0484863,1.1648360308550356
26.666666666666675,27.88871795,0.9556944580654406
36.11111111111111,52.173923349999995,1.0583381937150964
58.466666666666676,58.92547895,1.2878889747550544
29.44444444444444,30.880109850000004,0.9296356386722182
50.0,45.46966435,1.0527536900278687
52.222222222222214,50.86368895,1.1551923541006393
36.66666666666666,45.328104350000004,1.3639796098202495
40.55555555555556,50.304406799999995,1.4133704613400513
55.55555555555556,53.50891445,1.428499546813351
38.0,43.134555999999996,1.2831521518578264
21.1,8.055657105,1.0207275451288333
41.7,35.2485706,1.5153916677626125
73.72222222222223,57.7757747,2.405330150325645
70.88888888888889,57.5082545,2.719764531339769
11.22222222222222,7.05052941,1.1167025878270975
8.011519999999999,6.843871525,0.4059976640816323
14.24528,11.65062765,0.5636137951562666
19.04723,17.58608255,0.6138482330793839
23.95772,26.6709648,1.0506819209483644
30.106829999999995,28.754861,1.1964023734179066
42.29628,37.5839589,2.101914886273813
12.66875,10.116626775,0.490173471238512
20.672,17.26239275,0.6136475216202893
51.98012,37.29866675,2.0354224131931784
63.28447999999999,46.38352235,3.260350615259061
12.66875,12.944272100000001,0.6305509570814074
25.06368,21.669941599999998,1.1809578269150136
32.95548,29.7203712,1.4799906074766191
16.36608,22.6517896,1.2032470115392984
56.32466999999999,62.46126355,4.461516706432353
49.527,39.858478000000005,2.280803561787403
109.90799999999999,85.84731705,4.117677384237819
38.75328,35.30372625,2.1124171323749596
46.49075,44.82306975,3.1614801072165695
17.97075,18.329683499999998,0.8879331054904691
23.95772,32.09241915,1.3049796431378686
12.66875,15.562025449999998,0.8920381598024463
19.04723,18.78891135,1.1572464499629813
3.9628799999999997,11.1234423,0.8074846185377711
25.06368,18.3414679,0.9873271400784349
46.49075,43.64015615,2.399105510667505
51.98012,69.79034870000001,4.492505900020355
10.58547,4.89073316,0.7437366730440564
12.14592,9.2028067,0.7477533354842364
33.52923,26.502804450000003,1.2522252646780228
58.83674999999998,52.067839549999995,3.1742052383254435
0.49067,5.2515222,0.7628296168822885
12.14592,13.200112275,1.058362808491909
29.54112,29.351822549999998,1.3826658841821502
17.43452,26.597542049999998,1.774049197332637
57.57803,66.1193112,4.516189725012698
106.26875,80.81409645,2.9470737846758497
36.99987,41.1024095,2.5358177800087027
12.66875,18.72473855,1.3837534283671116
36.99987,34.5280477,1.2280504001583
34.10432,38.030228799999996,1.2899586981534934
6.483230000000001,7.801345315000001,0.43229161034479396
10.068,9.0880899,0.5200052391991025
12.14592,12.637763225,0.5012311873514548
14.24528,16.253600249999998,0.5295002381071853
19.04723,22.69338595,0.6816554677096581
31.812,30.4608523,0.9508577897071396
31.24227,26.633349850000002,0.7157086225232546
18.50832,15.9985014,0.6222681387831733
32.38307,29.243888650000002,0.8239966798423326
39.92892,37.35746345,1.2507039445657235
9.03708,8.8893326,0.6606773942837916
20.672,18.68250225,0.5895642796009227
24.51003,23.464031499999997,0.8491214188427518
15.83387,19.94192595,0.6102529406857687
44.08587,50.1489351,1.3805157905005498
41.70243,31.514392299999997,1.0465606569569783
70.40643,65.59253509999999,3.7906316133020272
30.673880000000004,28.8125546,1.1868023923473137
9.55187,13.469489999999999,1.004763250648053
20.672,24.79098525,1.5693855506982033
9.03708,14.333878325,0.8112050879059054
19.58748,25.87654275,1.053155089866379
12.66875,13.324575325000001,0.8474950156961382
10.58547,15.00145555,1.1215239103448524
63.28447999999999,77.14603480000001,2.0799868524032488
77.02163,85.71091875,2.012117642048245
62.00699999999999,55.08688540000001,1.433753116608861
26.175,21.8269759,0.9732638485517034
19.04723,32.72266785,1.160889098186398
116.91486749999999,121.09310175,3.1325898340109655
4.46427,5.853258185,0.5400915225414038
0.0,5.671863265000001,0.7367435982251771
0.0,6.49437508,0.6972444940301137
0.98268,6.38546289,0.6893208019381946
2.46675,6.430268535000001,0.7485159914216581
15.303,9.107647799999999,0.5561539214579094
7.500749999999999,9.2977851,0.5119744089862619
14.24528,10.5861012,0.5575336963115323
12.66875,10.4922847,0.6592023144316247
19.04723,10.47610605,0.6708560783465972
1.97072,10.350333899999999,0.5504415611458915
17.97075,16.084115725,0.6051736132707245
12.14592,16.068770975,0.6303957044786384
26.732669999999995,26.182397650000002,0.92984051446818
29.54112,26.273959350000002,0.9136170824208512
27.852030000000003,26.254033850000003,0.854851609971934
43.488,42.020860799999994,1.2646008463302643
41.70243,42.31075595,1.285837299787041
45.28563,42.61217705,1.172414842627834
49.527,42.52125585,1.2033499660590619
77.02163,80.96567395,1.7450200384631505
87.88467,81.60732945,1.887937394086955
55.7,49.623224699999994,1.252424754542966
144.16875,136.755902,2.7379691545830918
223.57308000000003,215.97214250000002,4.4240231358130595
231.87242999999998,215.97664249999997,5.588060644893655
265.17948,258.1422335,5.899790769185018
274.99728,259.13176899999996,4.761206833596201
21.0,34.8501037,1.9623918984484783
50.0,41.259529,2.1453394960723826
122.0,102.27877965,5.09691148039257
148.7777777777778,135.89562700000002,4.689085536572755
222.77777777777777,230.262492,5.156396651888437
108.7777777777778,102.2161956,1.934235031599735
35.55555555555556,35.31741785,1.346968762815204
48.88888888888889,46.656796050000004,1.3104280901198695
55.95555555555556,55.59937565,1.404726795171074
42.22222222222222,26.145063900000004,1.0557827575498513
55.55555555555556,35.424225899999996,1.2909054760214222
70.55555555555556,46.9569744,1.3453014805175756
71.57222222222221,56.0552906,1.433560386390745
95.77777777777776,74.72604145,4.370984011977412
73.77777777777777,57.064048,4.670965941110865
78.77777777777777,67.1813614,4.22606157649732
111.7777777777778,91.92845609999999,5.0046891739481945
70.77777777777777,45.45268845,1.0983857618829116
86.77777777777777,59.554174950000004,1.2662341430950825
78.77777777777777,58.53243115,1.4667915536567082
98.77777777777776,80.7939948,2.1507967926764073
41.66666666666666,36.8653932,1.6984966562075008
55.55555555555556,43.6141127,1.7185777384414826
10.49444444444445,15.549325325000002,0.7004748148813865
61.722222222222214,54.240878050000006,1.1379732568884073
60.83333333333333,54.1421736,1.142997516807562
54.777777777777786,59.04347075,1.2512880973494918
70.55555555555554,59.36326205,1.204967564740686
42.22222222222222,27.1724522,1.0903370273620419
38.33333333333334,35.33016805,1.3639445094149956
40.0,40.76050665,1.61052146672519
30.0,30.86952695,1.2995977782229577
28.333333333333325,40.20035685,1.4693010776225797
24.69444444444444,19.803905,1.0625123580881803
21.65555555555556,19.622276149999998,0.9676096458383944
26.666666666666675,13.63403535,1.0994471298671356
18.88888888888889,17.05002,1.0578521248273738
57.90555555555555,39.84534375,1.5644704407821661
53.0,51.322308650000004,1.31172991024349
72.0,63.2070944,1.6069800956535114
114.0,87.23027105,2.6546885465996426
52.0,42.79665275,1.0463532164466738
62.0,58.09157760000001,1.0295882140787291
75.0,68.815386,0.9685128875028218
81.0,78.4836918,1.6388272784257278
3.2,12.2502542,1.1837158322746837
23.0,21.2176696,1.1156868088438847
41.0,35.764866999999995,1.0021457231107975
16.0,17.930791550000002,1.4253203075403413
23.0,32.68654565,1.0757712128320467
30.0,33.06519715,1.3228004497862333
23.0,38.51012415,2.691902263803859
18.0,19.43720865,1.2812287441270158
38.0,35.0139937,1.2790113776104401
10.0,19.10078225,0.8553689465750008
34.0,34.9909835,1.2333941916290863
22.77777777777778,22.0802712,1.5272007142067963
15.55555555555556,31.9735413,1.6753140443896384
25.0,36.204738199999994,1.8552177764889182
19.44444444444444,26.694154400000002,0.9855025662340163
39.44444444444444,40.34760685,1.0981059125455068
52.777777777777786,53.28041090000001,1.6828643576982505
29.44444444444444,25.4209065,0.7643806619835225
46.11111111111111,40.6300533,0.9763605269969174
67.22222222222223,53.60055,1.6735224573240717
18.27777777777778,14.460335,0.6794310769699348
42.72222222222222,34.47761775,1.1762334734436655
6.300000000000004,30.584122,1.4835663500225609
4.405189429935099,17.23278515,2.024153081128274
27.621925367823746,37.11161335,1.6894114606041846
71.94444444444443,69.85304915,1.2260778571228577
67.83333333333334,69.79740415,1.269308188863077
-1.94928,4.93956175,0.9549380465481689
1.97072,5.14154627,1.174792719463394
1.97072,6.0502118199999995,0.990864188660437
-3.87712,5.729520835000001,0.8747030449342219
9.03708,6.062286975,1.0242667465218664
12.14592,10.94067585,0.7852517270565652
11.62443,11.034035,0.6531262367519893
15.303,11.164535475,0.6702488998918994
11.10428,10.90866705,0.6783007637203057
19.58748,12.592529925,0.6587832984665203
6.483230000000001,12.119970325,0.6405608187356373
8.011519999999999,12.288161024999999,0.8097977852254629
17.43452,12.506725875,0.7563260926160343
27.852030000000003,18.364635749999998,1.790492344359855
35.25852,32.63201985,1.3700585018006863
40.51875,32.6304139,1.5252489898942263
37.583,32.61436555,1.6939281008958698
45.28563,51.837442599999996,1.7500433724619642
52.59675,52.33442135,1.5420454240268118
40.51875,52.1505571,1.929434196779322
87.88467,90.523403,2.172664046767446
100.51563,91.1148185,2.1846984366381816
83.08988,90.53857024999999,1.8463958534356903
26.732669999999995,32.613307400000004,1.031605122718165
79.70523,79.68196420000001,1.0695562710320368
82.41027,79.3805327,1.4877174407590452
201.08883,203.9823155,5.226927858242171
7.2458675,7.114822305,1.3473165518243488
0.24516750000000004,6.81645686,1.3424261805095952
6.737107499999999,7.066252205,1.3984883021140746
-7.434032499999999,9.26813967,1.2022977534461294
11.3641875,9.84000135,1.2119178022096468
15.5682675,15.2148167,1.0297477372670651
9.2943075,15.106915950000001,0.9677926313800508
16.6326875,15.387662125,0.9694312163324628
21.4889075,15.287688875,1.074576267379182
21.4889075,17.9916713,0.8947836538550059
15.0380675,18.07099245,0.948328033880375
17.1669075,18.08728175,1.0131396160696073
27.0120075,27.86863255,1.0178010582547405
32.0973675,28.112106599999997,0.854325133454372
28.6950675,28.065308249999998,0.9727722811203504
48.6126075,46.590346,1.5899568245941385
49.8324675,47.0209048,1.3902589376318437
74.0282075,73.71493235,2.452529873143762
88.22966749999999,74.26597699999999,2.288497597090996
77.35590749999999,73.69920155,2.6408032509945776
82.74990749999999,74.21241,2.123846705295593
120.65126749999999,120.6887338,2.9169809134308635
111.7401875,120.33315995000001,2.985232776422892
21.0,13.620967124999998,1.5944261296954225
38.0,38.0986199,1.6036948777471045
54.0,39.82485095,1.5240331117558645
43.0,33.85045405,1.7467275927229282
50.0,45.65950375,1.9055775859206145
84.0,79.46185825,4.384444427116966
117.0,84.18080119999999,3.1892881537368445
102.0,91.61416785,4.252094215829771
118.0,99.34468910000001,3.295461475727425
10.0,13.161369924999999,1.6113050363996744
42.0,34.21096095,1.411290564403432
102.0,98.6943494,3.187657186608261
75.0,81.3429685,2.345557485341679
69.0,60.508368700000005,1.711049552515804
61.0,59.541666799999994,1.8045338293396522
81.0,82.4148404,2.0464969165655096
5.0,6.531523744999999,1.3337209072206349
21.0,30.168705749999997,1.4772959167999398
42.0,59.880858599999996,2.0772375521679693
63.0,60.76191945000001,1.793237184595898
117.0,102.9104144,2.2400019047553794
102.0,107.79389495000001,2.7651994198940257
118.0,122.54395374999999,3.108485816048553
44.0,55.65985715000001,1.7010082423529467
77.77777777777777,56.2534669,2.056414270455529
69.44444444444444,56.62555065,1.9548499276267044
91.66666666666669,75.4834867,3.4680847331353877
0.5555555555555556,4.819953935,2.3185996483724143
7.0,9.215647065,1.0468624198939667
22.0,14.7750316,1.2375590597158503
7.0,6.841036595,0.7831254054094505
8.0,8.854506375,0.7969755940884935
66.0,41.665569,2.440504209820004
27.0,36.60433795,2.14804561215743
31.0,40.21571765,2.204898248839479
22.0,34.09714435,1.4894285454502785
88.0,84.84314885,1.4517674155082152
20.0,31.253810299999998,1.498429295856588
57.0,63.93399144999999,2.063109541948614
61.0,75.0727428,2.3404133485369765
28.0,39.67846,1.2492848943488042
52.0,62.774837000000005,1.892471294300795
64.0,75.0434496,2.475031147440699
21.0,34.5838892,1.5519321555659698
26.0,34.710914100000004,1.6487769724030978
55.0,67.2954444,1.6104005184934695
16.11111111111111,26.268876799999997,2.748165272930279
22.22222222222222,34.33466555,2.3447775237091535
67.22222222222223,58.122327,2.9540514931081554
35.0,24.74811805,1.7671879149204213
60.55555555555556,43.68016175,1.8575162550068052
76.11111111111111,53.627732949999995,1.8956528180184005
69.37222222222222,62.21310175,1.9819749819267551
29.44444444444444,24.695501,1.8785625863945183
41.11111111111111,42.959712350000004,2.102110702483334
59.44444444444444,53.468049099999995,1.8675836867526234
74.32777777777778,62.26364145,1.91136037528996
38.33333333333334,39.2932021,1.4283011347380083
43.33333333333334,49.25949765,1.5018731028423804
27.77777777777778,23.4127622,1.5518064160234817
37.77777777777778,39.2777697,1.5862902309488969
62.777777777777786,49.5774282,1.480355334668909
54.31666666666668,58.694495399999994,1.4269537881443863
45.0,26.835226549999998,2.447937404731766
85.55555555555556,33.38695045,3.184743409224203
16.11111111111111,34.809672649999996,3.1277013877869053
46.18888888888889,39.550426,2.3407054378294627
-3.5,18.33659755,3.0494675161522777
11.0552588483543,26.20846525,2.672724800291148
39.8976000426636,48.51124845,1.565989637669871
40.8605101265276,53.94577855,1.3048691361838576
10.068,11.586999275,0.5862106774510941
13.19292,11.648527325,0.5523627969224639
8.52363,11.589736975,0.5945583876711947
16.89963,11.721939875,0.4589584287406672
12.14592,13.1058172,0.5978379254297675
12.66875,13.0464632,0.4632072576977313
15.83387,13.17092485,0.533861886130355
22.30883,17.0570795,0.6141094383920159
21.21627,17.0690116,0.6175304792043536
16.89963,18.586841749999998,0.6585101032561367
19.04723,18.6005683,0.6349899103907172
30.673880000000004,26.7622314,0.9884245874874985
36.41808,26.9303742,0.9009814057820564
29.54112,26.717368,1.0464499702240397
35.25852,40.503432600000004,1.0795144478821261
38.16747,40.4172197,1.0721950111539802
68.448,61.282873800000004,1.323834630964815
63.92523,60.811955450000006,1.7659246780864057
66.50163,60.956868899999996,1.5546440730100755
99.80252,88.41133405000001,2.016785650875968
77.69051999999999,87.30177355,1.4889833149236784
50.13827,51.66422145,1.093885489949594
44.08587,51.7308008,1.198358054810946
131.67627,127.11561850000001,2.560109157564808
133.99248,126.89649705,2.9844962854369204
188.00028,191.906408,3.44496719475573
188.86347,191.9592525,2.7258963951580255
227.24827999999997,231.2326635,5.4777934711334595
229.09391999999997,230.46020400000003,3.5528307236941696
18.0,34.9914601,2.45319014270658
60.0,47.4827309,2.654566988159798
92.0,70.19623974999999,2.902517858319833
146.0,120.23950505,4.768081636250983
23.0,40.4385137,2.647645759087477
39.0,38.9678542,1.138473775858142
80.0,107.2738163,2.568042969919477
90.0,76.78901745,2.3005339345410656
10.0,41.4520364,2.682713580397505
14.0,42.6271929,1.7829313675838185
46.0,37.2567024,1.7955267986251255
121.0,108.40958445000001,2.361400932398938
21.0,36.459533449999995,2.030106145643296
94.0,107.5437582,2.725674897641465
139.0,120.113023,2.285448772711047
150.0,143.235843,2.850477602953213
45.0,44.7966629,1.2319438832761682
60.0,59.98111290000001,1.5883230173263971
-1.6666666666666672,-1.3842336585,1.0695113273286
28.888888888888893,43.3949133,1.9214375419771452
0.0,1.7530691605000002,0.9428609646091753
56.66666666666665,54.749242849999995,2.4628865525015513
3.8888888888888884,5.725035155,1.0082500240568741
6.666666666666667,10.595907575,0.7673467832242215
8.83333333333333,14.8450997,1.1740131395374767
16.11111111111111,15.73349585,1.152278203586191
32.77777777777778,35.37915165,0.8729948072410978
47.77777777777778,49.85108475,0.9867719420729443
54.44444444444444,55.1052722,0.8091818554342136
58.88888888888889,62.2790075,1.1070970373701383
33.88888888888889,35.3021685,0.8412070408401894
58.33333333333335,50.018449,0.7986132422600156
61.11111111111111,55.0476865,1.022868157885797
52.777777777777786,62.289230450000005,1.1307343583323681
60.55555555555556,51.6186919,0.9839317413269707
61.66666666666665,60.023244850000005,0.9896445412614351
69.95555555555556,67.1810972,1.1122657345562017
40.55555555555556,36.26707185,1.1278723291511177
60.55555555555556,59.64139565000001,1.0192029712384545
61.727777777777774,67.1173995,1.200671280743381
65.27777777777777,67.3148571,2.548271448750553
63.05555555555556,74.77672685,2.4752365453080123
41.11111111111111,27.927276749999997,1.035984464150271
39.44444444444444,35.199067150000005,1.4811343242622241
48.33333333333334,43.362404250000004,1.9401247897020726
53.33333333333335,53.4539933,2.0610453614603608
33.0,33.1295803,1.2832309644891264
56.0,57.742740049999995,1.7610399880721046
106.0,99.92314225,2.4840468465752
128.4777777777778,87.66107495,4.836995459704575
226.27777777777777,200.86774350000002,6.3528452461987674
78.0,57.541561,0.6753603730049381
67.0,58.67326305,1.1479218942884049
86.0,76.6876915,1.4615213137153218
71.89540000000001,78.8461063,1.8011094144512603
96.8137,86.96163114999999,2.189666532709376
75.9804,91.15868065,2.0592781657467003
80.0654,88.88942995,2.0463784699254597
84.9673,87.8919036,2.117880412574387
91.9118,87.52534175000001,2.0641859273319962
91.9118,92.1508829,2.0167065141484875
117.239,93.71805085,1.9686007830087229
99.6732,102.22058045,2.4035521291561386
95.1797,103.6302529,2.199750070824073
96.8137,104.8114308,2.262074749936593
90.6863,106.78849749999999,1.6488498135259229
96.4052,110.19951599999999,2.02011390755313
107.843,106.52819730000002,2.2166423038899024
112.745,109.238167,2.254294923983923
108.252,116.03022940000001,1.800264623610576
115.60499999999999,121.24801520000001,2.1962740926897935
137.663,120.4032629,2.052799423948848
123.775,127.17386875,1.9111890339030733
144.608,125.38269224999999,2.055693072097911
135.212,132.156616,2.0365620801433684
137.255,131.33883799999998,1.8046901927845218
146.242,134.2294385,1.8585965228500418
140.114,137.1241425,1.6720478687018103
150.735,143.22922799999998,1.625447910074086
137.255,146.6376235,1.6978312433227507
156.454,149.2885735,1.4264780869137104
156.046,155.337674,1.3727426559969906
170.752,158.545151,1.3047972353261412
165.85,164.815753,1.373903552288346
151.552,165.8792485,1.365373606408362
176.471,167.614165,1.4480240452696072
165.85,173.276029,1.7259189565436837
177.696,178.2590485,2.1137275054155475
163.807,194.58496350000001,2.793184300952425
184.232,196.950353,3.575956724059793
215.686,221.9025025,3.9146732213838407
23.95772,16.307935175,1.2439373431235792
56.32466999999999,39.6469426,1.2458834829936378
53.83403,49.0237216,1.6277618126150488
66.50163,56.320567749999995,2.4466414561222454
84.45312,69.492536,2.419826209915976
25.06368,10.5441619,0.9131910569980702
28.41372,22.7259994,1.4515677106289488
49.527,36.8009318,1.7513336579679897
63.92523,46.3335541,1.4273167630272616
63.28447999999999,52.07087835,1.8600581004817625
79.03232,59.1196601,1.7388376314956977
20.12907,12.747262075,0.9695326454762986
42.29628,24.2366874,1.3726865151778833
51.36483,35.809708,1.5246985510663031
63.28447999999999,42.204510049999996,1.7117110325519154
81.732,75.63044110000001,3.815496952174175
79.03232,55.9133003,2.8346089619022656
117.287,87.63276479999999,3.4705870910950374
60.100829999999995,47.80267395,2.3529991043342156
74.35947,57.7864527,3.1826622889109517
70.40643,50.5472443,2.4360304386596714
45.88751999999999,36.313300350000006,2.0154745212837666
53.21472,49.58514365,2.530819859231355
41.10992,29.499778099999997,1.3477486942867627
41.70243,34.0948481,1.725595373872569
3.4628299999999994,6.32003031,1.558951308409158
5.97648,6.459350505000001,1.5466193306530298
6.483230000000001,12.643848575,1.0172050321618815
15.83387,17.2826462,1.1221829356559612
11.62443,19.63664205,0.9798928306678554
18.50832,25.08718295,1.2088406901744404
27.852030000000003,37.93201525,1.499893344468266
13.19292,5.6512595,1.8947223422804087
4.967000000000001,13.504885400000001,1.7324565702480457
21.21627,26.887032249999997,0.772306295645634
35.25852,31.461877800000003,1.0101166802054742
23.40675,9.71299166,1.8450746367855908
1.47603,9.093364990000001,2.249538689372757
30.673880000000004,18.65599785,1.5973322550191145
7.500749999999999,19.39778495,1.965972384380966
39.34043,48.105566249999995,2.0139389588134806
28.97675,33.93189855,1.861794558906413
10.58547,16.55863725,1.5694128254871604
20.12907,23.954142100000002,1.6943278076244772
11.62443,21.971465900000002,2.362118014389135
24.51003,27.92774635,1.6607493638214
48.91707,23.09048505,2.219509709168302
24.51003,23.4973594,2.644718961992697
32.95548,33.9087882,1.2646234473823508
14.24528,8.702611014999999,0.6485902605513904
10.068,9.173453525000001,0.527784260660035
20.12907,16.714050425,0.6885299086927941
27.291679999999996,24.487172100000002,0.9279454792711577
31.24227,37.0693885,0.9969754434023528
74.35947,69.59235240000001,1.9019069021137003
7.500749999999999,5.995331145,0.5017506585924805
6.483230000000001,8.590044,0.5793199408183839
15.303,13.80836945,0.6676415705250105
27.852030000000003,23.93835275,1.0031658152490035
50.75088,45.75375585,1.1809751932383432
6.483230000000001,8.222717339999999,0.7246884370936326
8.011519999999999,8.725861824999999,0.7183165556421208
19.58748,16.571203,0.8172235441465017
31.812,28.064606200000004,1.175191597184928
27.291679999999996,36.25486295,1.094697873582357
32.38307,31.184966550000002,0.885065959810993
69.09947,68.25149055,1.4941718619538302
48.91707,45.782331899999996,1.7738191117311324
48.91707,50.2875538,2.2209590709502423
42.89147,40.3543181,1.341504070178533
22.30883,23.772028600000002,0.8008527462945466
38.75328,41.42134765,1.0515207093711714
16.36608,19.9759196,0.9797748020672595
20.672,23.86253265,0.881003685119737
99.325485963,97.35359375,2.283396815296752
3.837741875,7.567770355,0.6187318027014499
15.701026875,9.780569250000001,0.6192178451984384
19.452291875,15.426923625,0.6771103907896305
20.536141875,18.3866623,0.6553303868904679
21.080076875,18.207666500000002,0.6898160197564115
59.942526875,50.1382954,1.9833607747086461
44.535151875,49.22729785,1.8298592117929458
46.339816875,49.4186985,2.007402035688011
63.124501875,56.21718145,1.496401521862276
56.168376875,55.683885950000004,1.784883056342332
59.942526875,63.84855745,1.6630803966526289
70.242766875,64.12378645,1.8755965525377305
87.023641875,81.52769694999999,1.5080450965964767
82.240576875,81.0910131,1.9975771321535045
89.093626875,81.46637455,1.4477221899658146
129.947026875,120.17051839999999,2.832687581395478
120.83896687500001,119.7100265,2.5782744342091055
26.175,33.014980550000004,1.0929042800491908
32.38307,33.0904309,1.0347971867011019
86.50803,89.03226385,1.8322203601532272
91.34972,89.0176996,1.9695302020911987
180.29187,175.024379,4.2037229753008996
244.052,233.864117,3.633931583442081
235.59587000000002,233.067424,4.34108845416301
115.7,100.17928470000001,2.31696420585461
33.0,38.0901085,1.7245669996976538
58.0,77.88858575,1.8653952260644364
96.0,104.72502005000001,2.519296050240404
88.0,76.13923605,1.7161163474934202
80.0,77.340198,1.5518510611981728
190.0,162.560071,3.6190820497060003
19.44444444444444,14.1552665,0.9628960562857266
37.22222222222222,36.39490095,2.10901793412131
64.83888888888889,62.7445671,2.409085869954431
82.75555555555556,63.49516335,1.6369961676226314
44.44444444444444,49.75463845,0.8257641665762162
33.33333333333334,45.51434175,1.0666174833588304
33.0,35.46130385,2.0023892406607757
58.0,78.4130935,1.6574034136533369
80.0,94.5860122,2.092868970098113
93.0,104.42669699999999,2.2065581634174776
125.0,112.91317565,6.670806218838991
47.2,34.4295481,1.7286450025369247
88.0,59.03211725,1.7196499448234683
103.3,87.33948575,1.8002604687491286
37.2,44.4306371,1.5768340398142178
84.30000000000001,78.7717062,1.7865913671260798
87.2,80.983628,1.717021079213892
90.9,80.03337345,1.5436867191971086
118.0,82.9772769,5.752469978453418
58.3,97.23508389999999,5.789932840364147
109.3,131.48008425,6.774886357084312
93.3,102.56267204999999,2.0333204528482183
51.66666666666665,36.83817245,1.1332314420352596
46.11111111111111,54.480246799999996,1.5649421737445017
10.0,18.717076549999998,0.8425093140695503
26.111111111111107,39.71727485,1.5606313957919424
29.44444444444444,43.7831094,1.419821388802586
39.44444444444444,39.80217625,1.3117145323744426
24.44444444444444,43.42418165,1.0521712307910462
12.22222222222222,31.7735455,1.707023056347589
-2.777777777777778,31.3511617,1.3702159869060264
23.88888888888889,18.90737915,0.8959271371726296
40.95000000000001,31.612816,1.8492327953353782
11.0,12.91252735,0.8597679983971978
33.0,22.4686293,1.3532906545347005
21.0,18.979704599999998,1.0549036696678393
41.83333333333334,32.237280500000004,1.453409330628088
40.96111111111112,34.7827836,1.3075951734014113
34.44444444444444,35.1883214,1.1825982239159214
47.77777777777778,52.93776325,1.1819702773006142
49.44444444444444,58.28682955000001,1.3015249721848938
60.0,53.19634095,1.1593515455591406
55.55555555555556,58.4744421,1.189165519852777
35.0,50.940894300000004,2.644733986898653
41.0,52.9381628,3.0091329517408134
49.0,63.92526345,2.9631833596964157
40.0,51.75689855,2.9183861142261556
63.0,90.34358295,2.6244111798830625
35.0,28.277380299999997,1.5924412308282534
27.6,33.85294185,1.7909055529064872
47.8,47.27775295,1.7339730605885102
37.7,30.622873249999998,1.5118989278385158
61.777777777777786,48.5851965,2.545788486716557
58.777777777777786,65.7533531,2.1965181392949087
66.77777777777777,82.7791357,2.344137891535376
57.777777777777786,85.98397975,3.0370880303373338
80.77777777777777,106.1591676,1.5706625203146598
82.9,91.191456,1.7226926377377354
44.3,46.568476,1.8224155806191022
54.2,76.30475455,1.536891481079309
34.44444444444444,28.60291975,1.162695562497581
51.78888888888889,56.464739550000004,0.9713282706767264
32.22222222222222,28.6262343,1.2592023436327957
50.55555555555556,47.340407850000005,0.9740046393096179
46.66666666666666,51.08079665,0.944427261978406
161.2496748,160.80993,3.170193327847102
86.11111111111111,56.631189649999996,4.451204262844315
97.77777777777776,80.7252402,4.071902755206227
107.0,92.13836219999999,4.2380929599039385
27.22222222222222,29.1620234,1.672441208582151
62.222222222222214,51.360723199999995,1.6144628762649005
50.77222222222222,65.1765905,1.405126816310844
16.11111111111111,28.71059945,1.693627029855389
40.0,51.11168575,1.3667713274838964
53.11666666666666,65.1521937,1.087860798597929
40.59999999999999,40.0870532,2.1045729700621374
37.0,56.210770149999995,3.255807246000553
51.75555555555555,46.9915642,1.7019056614469934
83.42222222222222,67.90576155,1.9008355095237603
17.86666666666666,7.142751035000001,1.3352257698393992
97.22222222222224,82.5567949,1.8036113907170268
64.77777777777777,72.87075815,1.997948976925962
19.28,23.884708449999998,0.920697306032569
14.959256193278552,35.7230653,2.8372124865290433
27.120644127071774,40.67295005,3.510023354940151
152.9713149771578,125.15719955,3.8761412710802237
18.0,14.430566575,0.8922781627970362
44.0,36.46028695,1.8597916996230772
29.0,29.51111735,1.4371621704094968
46.0,46.599897350000006,1.5438595709898189
52.0,58.842504299999995,1.284376222770255
72.0,69.86682095,1.2295069769808042
26.0,33.39872635,1.4881777611662945
58.0,59.06667455,1.3309178977193243
72.0,79.9355118,1.805638151083742
99.0,99.2827903,2.352347987915772
49.07777777777778,39.8163319,1.0018729819758838
33.96111111111111,33.88474455,0.9521011136055861
41.32222222222222,41.52649075,0.949266710509632
52.05,31.882857100000003,1.3956554134104089
60.78888888888889,46.2048147,1.3126890534832885
16.51111111111111,31.20807575,1.4589910296634483
44.95555555555555,45.71214125,1.3059475005590009
80.0,58.401815299999996,1.134543392281768
64.38888888888889,53.07311485,1.3452950582544796
47.0,55.2757018,1.6706489284528938
56.1,53.25251035,6.454884126402476
138.0,123.83785445000001,1.454228599797246
155.0,159.9323905,2.9101215895460175
16.11111111111111,14.1417033,1.9058087521679636
19.23333333333333,19.27391205,1.2047908911916918
52.32777777777778,54.879061899999996,1.714731362817233
179.7777777777778,157.408278,4.371927507760343
4.444444444444445,22.201557299999997,1.3251084478518464
41.66666666666666,59.4772153,1.3269081112290664
27.77777777777778,44.88732965,1.3329388554250405
32.22222222222222,46.2035328,0.9660051378562075
55.55555555555556,67.53715735,1.5556906519143248
60.0,72.78618735,1.2979057908448366
76.66666666666667,80.60338305,1.3583535743919612
13.940000000000001,18.58154825,0.8289717624382554
25.56,22.6469135,0.8931571017268493
45.55555555555556,51.02062125,1.1882847476359342
13.88888888888889,13.6150469,1.30268043916784
35.55555555555556,24.568065949999998,1.2269967715019712
30.588888888888892,33.264250649999994,1.0353833138230435
79.42222222222223,58.79747775,1.3126679036458493
36.11111111111111,45.40944915,0.9360514789157397
60.0,68.2560843,1.221959873520409
62.2,74.11505125,1.2179351666874456
80.55555555555556,61.7437068,0.9784280639717644
53.33333333333335,59.639119400000006,1.3922158147128127
83.88888888888889,87.28287830000001,1.395392054462345
97.0,109.76458325000002,1.7327058605500572
5.0,23.348544150000002,1.0259461710771263
16.66666666666667,31.9591596,1.0467271265170162
45.55555555555556,55.24691245,1.4248774672380367
41.66666666666666,56.62395360000001,1.3642563427127
23.33333333333333,24.52328405,1.2281663277636583
38.88888888888889,42.058419199999996,1.4045678953626008
67.22222222222223,65.58748185,1.753685237380603
28.333333333333325,41.20728285,1.4043531878045
57.222222222222214,61.656869549999996,1.5368538788992372
42.95555555555555,39.2979991,1.1526360334527435
51.66666666666665,53.705688099999996,1.4167580193905231
66.11111111111111,61.821644449999994,1.0598645197650938
85.0,75.19820555,1.515954527014111
83.33333333333333,84.57406705,1.4875364863783633
56.66666666666665,60.30099315,1.1380379772797455
88.88888888888889,74.102829,1.6069634849927712
106.6666666666667,97.82874245000001,1.8733780006082317
91.86111111111111,99.5899106,1.6378010147852582
67.77777777777777,60.736114,1.525083677947195
88.88888888888889,71.39084964999999,1.5862256308136715
101.6666666666667,98.16493165,1.8053377883749235
105.61111111111111,99.97021459999999,2.004809266885383
59.44444444444444,56.0555607,1.2162388457583004
-5.0,-1.4690020665,1.2307382309621697
91.66666666666669,86.41488865,1.3504420786793547
1.6666666666666672,6.826560555,1.297315613137469
37.22222222222222,44.747942,1.181209696627772
72.77777777777777,66.98453015,1.5237761135771348
75.0,72.90829264999999,1.3268861424314689
80.27777777777777,79.91685315,1.3522846654176488
40.0,45.731644849999995,0.8843642182684138
77.22222222222223,77.77013515,1.3971587032375947
78.22777777777777,83.8403308,1.3589109492840445
42.77777777777778,55.59009210000001,1.2342833596302751
48.33333333333334,57.38290685,1.3129298747260798
57.222222222222214,67.28354725,1.3042392312278337
36.66666666666666,52.287359949999995,1.7666899151321767
68.88888888888889,73.99649500000001,1.9356445994530311
65.55555555555556,79.0947974,2.096042676366368
27.77777777777778,49.200422450000005,1.9180937964928795
55.0,71.88433599999999,1.7120721096332066
74.44444444444444,85.2488458,1.9989366026763136
71.0,62.760222799999994,2.0028854449789395
77.0,61.37725395,2.0438683927145176
73.0,64.2193814,1.6165691591894116
115.0,103.569994,2.4857240360273947
110.0,110.63522344999998,3.376612760820592
97.0,90.42187655000001,2.1864677975102467
128.0,112.5255827,2.6119085642378357
151.0,147.33221550000002,3.0055035990162695
89.0,89.6672132,2.6047734093650905
119.0,111.5351003,2.724714884949831
160.0,149.604341,2.1559495219749985
72.0,61.961866799999996,1.2176894602150412
154.0,135.1883515,2.1925584424720665
55.0,61.7424753,1.277541278061643
148.0,135.39178850000002,2.2364776519675447
87.77777777777777,63.49792035,1.579157821912091
87.77777777777777,78.8289968,1.5441851426001363
94.77777777777776,82.1480622,1.5801105846432186
112.7777777777778,92.1967362,1.7417965996071454
132.7777777777778,125.77765159999998,2.0096140434265983
132.7777777777778,135.54286150000001,2.285130654012623
127.7777777777778,134.816766,1.645922673128962
22.33,26.08806045,1.1377326822887457
29.670000000000005,28.54610505,0.9510038778568054
43.27222222222222,38.7839138,1.198050422001845
31.15,35.75807555,1.1528307123119272
45.78888888888888,42.28569715,1.4083046483994888
47.22777777777777,45.29623365,1.2588935321227337
55.28888888888889,53.53610265,1.4590699147915127
42.77777777777778,31.4973728,2.057039322248479
74.44444444444444,73.29094715,1.3989709436214448
64.44444444444444,65.82707094999999,1.64763641057992
75.55555555555556,68.72858955,1.095291783002595
86.11111111111111,73.6022831,1.2035592392082188
76.11111111111111,85.2371167,1.7848283085606553
51.25555555555557,42.8431032,1.1278041946431565
58.37222222222223,53.356381750000004,0.9908199925122035
50.0,43.623901599999996,1.4329884811604992
73.0,59.545708000000005,1.080557452077789
71.66666666666667,68.0813178,1.0465180349136007
82.73888888888888,80.6791943,1.1720152656238212
70.16666666666667,78.42319685,1.1906993353632347
87.30555555555554,73.5578582,1.312646180406691
63.16666666666667,78.43626830000001,1.996739818757437
28.0,33.7917965,1.1389311996777596
57.61111111111111,41.7273529,0.9754149674349354
43.33333333333333,44.32915635,1.3117456965302814
51.66666666666665,46.75053115,1.5497309152222214
58.33333333333335,57.073618950000004,1.695562274968379
60.55555555555556,60.95105744999999,1.409046857598183
52.222222222222214,47.30762165,1.4478377082240979
65.55555555555556,59.12938595000001,1.7883348052045935
13.19292,16.102610724999998,0.7395746007586038
20.672,16.784897649999998,0.7608769112555027
35.83763,25.3818426,0.6650879505068562
37.583,31.4436688,0.8236438271842994
48.91707,48.607228500000005,1.1275979141805217
68.448,65.27628555,1.3477952086268616
10.068,11.93572635,0.6877131378461037
23.40675,15.48424135,0.6510485858428111
32.95548,31.25240215,0.8175957481883772
55.7,48.8354401,1.1975207653521824
55.07667,56.8262474,1.5610698857737684
13.718430000000001,13.7771952,0.6705440491113873
12.14592,14.8721512,0.633699088000025
27.852030000000003,24.38481715,0.7433846206112239
35.25852,35.43261805,0.9403858285518245
34.68075,35.10826525,0.878504255657659
59.46812,63.42796055,1.669205716664144
42.89147,46.23476395,0.9807581428711942
50.75088,44.377839,1.0695748415680737
53.83403,51.21610735,1.1537728113212058
33.52923,28.4930173,0.7342204450491842
45.88751999999999,41.68354885,1.2110486083318233
28.97675,30.0999797,0.9537625982360101
44.08587,43.816881699999996,1.2295859788353707
29.54112,27.189227849999998,0.7346053678112364
24.51003,30.201019000000002,0.9280660890238932
129.7777777777778,132.421433,1.5687130343628781
144.1111111111111,135.8955965,2.536299624181641
45.55555555555556,50.09500765,1.6822327507794752
-7.222222222222223,-1.2461239845,1.4255725190395807
86.11111111111111,75.84062915,1.7899522113796187
93.77777777777776,86.99582749999999,3.7998015148025845
95.77777777777776,90.13732525,3.4304801205038156
111.7777777777778,92.286912,3.9190648738747687
125.7777777777778,92.7174175,3.1733473428824013
125.7777777777778,107.61879335,3.37045890697315
27.77777777777778,44.391178000000004,1.6148153235691953
56.66666666666665,56.1669719,1.747032200833533
47.22222222222222,70.32522125,2.0373683397215836
-12.22222222222222,0.70139367725,1.8885285434086359
76.66666666666667,69.920062,1.9612907418098309
104.0,98.47940665,2.6228093408694875
126.0,128.1252027,2.2336648780999755
131.0,136.6261995,2.4922884039994697
72.0,101.48467825,3.650235224100926
86.0,113.41212929999999,5.351734212759241
100.0,133.42929550000002,4.408034978455729
52.777777777777786,52.67780705,1.2886262526457959
78.33333333333333,85.1698435,1.5993856523942143
99.71666666666668,94.88664539999999,1.6918275704348893
76.0,71.15859795,2.7856587163755915
78.0,72.9181951,2.7002112717428117
140.6111111111111,127.1875955,2.2511074820360486
148.7777777777778,141.8403405,2.0712792106772953
56.66666666666665,66.62813595,1.9063679793466572
90.55555555555556,86.9063318,2.496062929786185
109.7611111111111,107.3519867,2.107945131482416
69.55000000000001,67.48368625,2.196893708180733
93.4388888888889,87.41718925,2.1348293751917184
111.2166666666667,95.6987632,1.7093096219861328
109.0111111111111,107.51201995,1.7858162689365522
121.0,127.55787344999999,2.026595399706701
120.0,127.26450924999999,2.095797884668845
128.0,117.29479125,1.589252033667109
159.261254643,139.44089400000001,3.18678840745812
62.777777777777786,72.098415,2.8929900136290785
130.0,112.77151985,2.8004765120409547
113.5944444444444,118.70176274999999,2.6270691286284067
72.77777777777777,52.6546792,3.041940340422586
85.0,66.35696229999999,3.0648507594344467
15.55555555555556,15.7690033,1.374905904369731
71.05555555555556,58.4116931,3.1106602639652405
65.72222222222221,67.83781189999999,2.0697893140763206
76.66666666666666,58.478350750000004,2.9613452956547666
73.38888888888889,67.40930125,2.4849585529502956
100.1111111111111,72.9376076,1.882830652606433
92.7222222222222,80.8583003,1.6557631609699084
55.0,46.803774600000004,1.8979451540110264
55.89,51.9022013,2.301582472411287
21.66666666666667,28.969224200000003,1.4050021145559144
64.44444444444444,55.55277025,1.4955385396415388
64.44444444444444,60.4051153,1.3301138567656974
47.77777777777778,46.54326625,1.2333831831674633
73.33333333333333,69.90243505,2.2319395690321966
53.33333333333335,50.52602005,1.1863241467812056
50.0,59.0116063,1.4557468913032454
39.44444444444444,41.99563165,1.0685312647941845
37.22222222222222,44.70082635,1.1344281136734786
92.77777777777776,76.45499135,2.1976304131975555
32.77777777777778,38.604619150000005,1.1556683997974262
37.22222222222222,45.69431575,1.0564415144098198
52.222222222222214,53.79987765,1.228397503113638
11.66666666666667,29.8000876,2.1035898432520788
37.85555555555555,39.47897165,1.279367528753964
56.08333333333335,52.12889485000001,1.7694861018434649
76.07222222222224,84.06778395,3.1869073452547174
45.0,37.1539558,0.8729465272750307
48.33333333333334,41.056057499999994,0.7982569010674049
45.55555555555556,51.15751495,1.573621216215592
52.777777777777786,41.993543349999996,1.0941700449357306
51.11111111111111,48.31817565,1.02913878261283
62.222222222222214,61.346869549999994,1.8462731779969035
41.66666666666666,65.21437395000001,1.8893476471646151
82.22222222222223,66.91890935,2.0296859982320665
68.88888888888889,70.47577045,2.6432821151559924
44.44444444444444,44.2492139,1.1606947955401046
55.55555555555556,54.7329163,1.3935535332115643
52.222222222222214,55.46839735,1.4109815217526405
66.96111111111111,70.48198485,1.9191511852585499
99.44444444444444,98.1928607,1.6435355424680325
97.66666666666666,98.15060270000001,1.4350938593383487
12.66875,14.4741684,0.5261349746799667
21.76188,18.5082113,0.6805611815780077
36.41808,33.8684112,0.946306000804546
58.83674999999998,58.18486729999999,1.0052690599948118
65.21075,68.2994832,1.1768106246650218
81.05507,80.79898395000001,1.2826060770371723
71.71875,64.5517936,0.9326514638972706
19.58748,16.397161349999998,0.5751990857936221
35.25852,28.76067765,0.7801294800248348
60.100829999999995,62.55366585,1.1335287272985564
76.35408,74.1534934,1.4144061355974917
79.70523,81.16908175,1.5176848624900197
42.89147,37.8932009,1.659374147284701
59.46812,60.6600271,1.6696307549469196
71.71875,72.0606052,1.362363104563788
85.82172,96.11495049999999,1.6145762236153995
85.82172,76.66131075,1.672366168638312
124.8,118.00173529999999,2.4382119413975465
73.03643,73.28139985,2.123327276736315
77.02163,84.70866555,1.8576748792106383
37.583,39.9793725,1.0299728275372633
65.85552,56.96492005,1.5061063301761883
41.10992,42.6062884,1.4803310751556258
53.21472,58.7291061,1.6586672092189572
35.25852,37.416388749999996,1.427187529310739
107.72043,106.6742502,2.061903914568757
201.97212,192.152531,5.908210242088099
117.287,119.94276844999999,2.9722408025318217
62.00699999999999,61.4651928,1.243764517824249
47.09532,36.63375195,2.2693601148939586
75.023,76.8888447,1.9365395478739402
68.448,79.3882221,2.6854949300374864
85.13674999999999,88.85554975,3.3684797118522636
92.74512,103.71422685,2.89472971829509
85.82172,99.3749273,1.8247699676034188
139.248046875,153.035116,3.689405438036689
40.0,61.59633945,2.8228379075895726
52.5631,52.55085855,2.002226580998144
68.0662,71.9270759,1.3077856298628139
74.8546,80.25327195,1.3415715029161446
43.83950000000001,40.19994305,2.572489146844264
52.82719999999999,39.610033349999995,2.092445731200976
58.1727,47.21566155,2.128313551546152
63.81480000000001,60.275546250000005,1.7192121264737241
74.7956,68.96930714999999,1.4539362607941708
77.94129999999998,80.150087,1.4879929133048906
28.103500000000004,33.596276599999996,1.8632103034626293
77.885,68.89820245,1.5828135081764863
86.3393,75.26887395,1.2207550302022743
78.48779999999998,77.489842,1.3325143224209446
78.5157,81.89695335,1.3004301164285812
89.2035,83.93893585000001,1.297642407577652
72.6852,91.35786945,1.5944263029055292
86.161,90.46690175,1.4067565684119983
92.0609,90.51838365,1.6937260264644889
86.1688,91.75610435,1.505624195102598
89.2587,91.68420655,1.6791982058045158
91.7858,91.5397019,1.4719599600688105
94.3138,91.5992335,1.655883381155097
86.7438,93.42223759999999,1.8194174021807785
89.27189999999999,93.66282915,1.6131698754425692
92.0809,93.37840225,1.795662467952995
108.654,93.78597975,1.620251122875771
99.9534,94.64147445,1.7166639076819437
108.69499999999998,99.73753295,1.662973646420598
105.37899999999999,106.80439265,1.950816864938465
81.0,93.76178965,3.014761080112672
67.0,74.3393581,2.5324692275442198
50.0,58.89933115,1.5355491819620246
78.0,79.13019990000001,1.953558842539591
94.0,96.34963505,2.613210579538096
151.0,147.9999895,2.732323278936009
175.0,164.9828565,2.9737203391344442
76.77777777777777,75.94294275,4.583167693261849
57.777777777777786,77.65681415,3.2416026719974638
56.11111111111111,45.3902511,1.8019966540342756
120.7777777777778,99.40859615,4.23237060975438
135.7777777777778,100.64929005,3.5634507648246103
120.7777777777778,100.7111461,3.9184666503100534
95.0,86.90012025,1.1699043069979704
71.66666666666667,75.64314114999999,1.5658226539016498
52.777777777777786,62.659391500000005,2.232864619294038
37.22222222222222,35.59365125,1.2849952958671993
43.88888888888889,41.37090205,1.5131055778623501
38.72222222222222,44.91046745,1.9747344861345806
34.44444444444444,28.8632071,1.56607230162309
89.50000000000001,72.8093592,2.216101559056913
94.7777777777778,91.86266275,1.806628415413899
99.8888888888889,97.24758355,1.4197706211078982
105.6666666666667,101.6827997,1.3448275791556283
28.97675,19.0887532,1.1073071597026722
32.38307,24.826900900000002,1.2359857183049823
41.10992,27.3321898,1.0885782020247
42.89147,32.919199750000004,1.3702430422562901
43.488,41.08624665,1.3859692455681947
19.58748,16.662906749999998,0.8818178439676623
28.97675,23.4111216,1.2124654889607283
39.92892,29.4550714,1.3288791452176776
44.08587,35.1282346,1.2791244284579737
18.50832,16.0240642,0.9436299600705217
34.10432,29.50507375,0.9827964417071836
33.52923,30.854425049999996,1.4408825938008125
48.91707,43.55123965,1.1624460821115759
60.73488,48.1378055,1.1610723909688652
48.30848,37.465079100000004,1.4806673227002438
34.10432,24.7050901,1.475218321080357
47.09532,32.1840077,2.3273039247438474
41.10992,32.57367235,2.2100669851354313
25.06368,23.71641305,1.2675822202081144
36.99987,34.733261049999996,0.7344788202255683
63.92523,65.62093875000001,1.0788474258204714
15.83387,17.82459145,0.546370464655282
26.732669999999995,28.94479415,0.9818788524300199
59.46812,54.759510049999996,0.8234111299414921
72.37692,75.40673050000001,1.207751260660575
16.89963,17.29569145,0.6587464078303715
40.51875,33.2375009,1.2718099113797539
55.7,59.546434999999995,1.6633271225523294
48.91707,47.2749532,0.8984155157916758
87.19568,83.8852708,1.3283782638761419
99.09075,100.2968626,1.2543251035333047
47.09532,40.6058134,1.0185590942821547
61.37026999999999,57.59638555,1.4569725152053266
44.08587,59.054297,1.6966242998767624
156.736072763,165.921106,2.1610389495562012
118.0,84.78281735,2.572661858118108
103.0,84.92138185,3.4681916177663332
103.0,88.82582575,2.107271335076238
106.0,109.6778315,2.023725293097348
125.0,130.2754308,1.462885520964849
165.0,167.4798075,2.706831314736997
27.22222222222222,57.66879195,3.4861816161851946
62.222222222222214,88.55931255,2.024219773559845
-5.555555555555555,-0.47446415599999997,1.1357662049577428
75.55555555555556,58.9706507,2.3725180326175135
77.22222222222223,68.58395184999999,1.6661970422539203
58.33333333333335,60.649103600000004,1.3480910761220608
62.222222222222214,69.83178004999999,1.4223967801598065
91.77777777777776,83.82464795,1.5426233965007223
40.0,52.37021754999999,1.6096213273259576
52.777777777777786,55.597404749999995,1.448773340781594
55.55555555555556,54.47552365,1.8780436812736332
97.22222222222224,88.28636775,2.5352268420347426
130.5555555555555,107.7602052,2.39304853221199
127.7777777777778,115.54489129999999,2.260836130434843
138.8888888888889,122.61093745000001,2.008396804138524
199.035962763,172.345094,4.025639302292507
96.11111111111111,80.25182105,2.5859686827851016
112.7777777777778,101.12739415,2.2677970141439996
117.2222222222222,108.5991122,2.6824792278998695
73.77777777777777,56.3710962,2.252584690420051
36.33,28.8317428,0.9945046503100292
93.33333333333331,64.6427587,1.9199321471557003
76.66666666666667,80.80578455,2.1491264219867614
60.55555555555556,67.73297175,2.651229450964449
90.55555555555556,80.17487754999999,2.1843587954965664
119.14444444444442,87.05082925,3.4743094796294183
106.1,86.53705790000001,1.9025189967459573
103.9,101.12043085,1.433517243617847
130.7,128.6860154,2.5358676068133956
32.22222222222222,29.06120955,1.2708999624034958
52.37777777777777,46.8192073,1.5637653836895737
111.0,117.160502,4.722238271786076
37.77777777777778,53.211864549999994,3.0149874078940924
63.33333333333335,74.17459445,2.431687781306671
59.44444444444444,78.74956119999999,2.09435064764952
83.72222222222223,86.31832779999999,2.4137105114486817
61.0,55.80343739999999,2.499169601352469
122.0,74.87577275,3.4995529923560036
174.9,147.0802735,2.610214154630716
2.96412,12.908735275000002,0.8714332885110879
11.10428,15.95576205,1.2782916407156972
26.732669999999995,22.56510795,1.013465381571487
26.732669999999995,24.7323053,0.9470369815754198
17.97075,24.93010925,1.1346741113465544
23.40675,26.6611159,1.2947897910194939
26.732669999999995,37.79261375,1.2738166197648098
0.98268,9.003141275,1.110459213576497
12.14592,15.21404815,1.3397756696716165
25.06368,21.2659683,0.7431493974922289
22.30883,26.15647555,1.1460770740637718
20.12907,27.94528125,1.0462866860598454
23.95772,30.959387650000004,1.1122339787807949
6.483230000000001,12.380465725,0.784934977482605
18.50832,14.67359305,1.4023723137089217
25.61867,23.0813179,0.8798050336550286
17.43452,25.18782875,1.0746285010340164
19.04723,26.4112498,1.0134483947007547
35.83763,40.391317650000005,1.3930018611930846
27.852030000000003,32.57003015,1.3517201242789367
27.852030000000003,32.2417777,1.7747112583037299
27.852030000000003,34.13579025,1.4726763084815433
25.06368,22.931159700000002,1.6043086856516342
21.21627,28.9012023,2.131364102133065
15.83387,28.75496635,1.5057831140041478
19.58748,20.7406505,0.9356437983799679
13.19292,22.21894875,1.0282049330096392
5.97648,15.969464149999999,0.7722691593415691
14.77347,19.429243800000002,0.9277583157447507
17.43452,21.372152149999998,0.9284361192026241
55.07667,59.2586807,0.9978700082800646
62.00699999999999,63.649155199999996,0.8460253814585981
71.06192,73.21718634999999,1.0402112438285789
83.77082999999999,86.22053324999999,1.4529512561086388
6.991319999999999,12.616144875,0.8483850736697193
13.718430000000001,18.2539467,0.8387361302646229
38.75328,35.31225885,0.8665877502026504
69.75228,61.82971975,1.0860048940964606
87.19568,79.37258034999999,1.2187610016191073
99.09075,93.13619704999999,1.2740602441268505
109.17747,101.6835928,1.6564309473258778
10.58547,18.1516771,0.8852500396022469
39.92892,47.730447049999995,1.0959820097853847
83.08988,77.63043245,1.4597512277883633
90.65403,90.80467235,1.4516523157902832
64.56732,65.56719935,1.3371408189005864
102.66299999999998,117.03074905000001,2.541250695778765
105.54492,95.61786485,1.3189013019720262
89.26666999999999,93.43968325,1.812020596136198
106.26875,106.77117874999999,1.50039287729728
76.35408,58.83451245,1.9051156099350657
72.37692,76.30231395000001,1.5761650836669996
45.28563,51.4845557,1.5481877774056418
60.100829999999995,59.11054885,2.2227285651916366
23.40675,21.3586412,0.8851705583848386
87.19568,92.5135901,2.7926250751004096
94.14588,103.53503579999999,2.6596236289859085
126.31868,131.29906325,2.5791226429116674
171.85427,165.4915115,2.841756597749979
181.143,200.00421699999998,3.865857407284147
15.303,13.049605125,0.7974849583708687
21.76188,20.959306950000002,1.144574411299744
45.88751999999999,45.87232245,1.218925925101728
102.66299999999998,94.895659,2.1409352008440994
146.54928,136.459386,2.350606812650276
183.70443,170.337945,2.8891444589677877
213.57683000000003,193.04452450000002,3.3909045539229705
17.43452,19.8090248,1.1068405799012644
20.12907,21.730321699999998,1.1036139041133095
73.69728,71.1238725,2.0491974263053
133.99248,125.60719724999998,2.2575678432523913
157.81788,154.46521149999998,2.8064137374916474
94.14588,109.66109435000001,3.5037313841413105
205.51868,210.836658,4.975157569781448
159.44912,154.3528315,3.896093349972203
176.05632,176.9038555,4.654654181971191
85.82172,86.78619165,2.232433300772039
152.15075,134.8123975,3.248423536065122
143.37792,144.234458,3.587314487783163
82.41027,87.78051315,2.5421470206095744
16.89963,19.9402903,0.8101928826000627
50.75088,59.316499799999995,0.9815730576140809
78.36075000000001,84.59596719999999,1.6881976236457366
15.303,16.7874176,0.8611865091305494
36.99987,34.32211875,0.9577670450516304
80.37948,77.1406161,1.6448687491967549
17.97075,16.77877225,0.9141163043976219
82.41027,85.48795625,1.8097660979967278
62.00699999999999,65.8677085,1.3156787012506428
108.44828,118.4197354,3.260712966942892
145.75443,141.9145155,2.767202580326002
104.82242999999998,105.00135399999999,2.2918119553547704
50.13827,54.32928545,1.1130213440071208
76.35408,73.73606545,1.5008408074984412
56.32466999999999,57.14657135,1.4250594211027539
20.12907,19.6737808,0.6437619548922525
23.40675,21.115424049999998,0.4427154639032868
34.10432,35.74631925,0.5491421439759617
55.7,56.47486375,1.0254743177854138
66.50163,66.11730595,1.1597815381694894
81.05507,83.65316845,1.5153931499005182
17.97075,18.33100135,0.6525581634882729
34.10432,30.1742888,0.7889946970878162
44.08587,45.95146505,0.9449601881482119
52.59675,56.488881049999996,0.9193508885694388
71.06192,67.8293048,1.5376818734385298
74.35947,75.82431410000001,1.426780886748612
13.718430000000001,17.475572449999998,0.7399364188799554
39.34043,34.50579585,1.118395902146616
49.527,52.008060750000006,1.4289726421889664
55.07667,62.48632945000001,1.9784611657451414
45.88751999999999,47.91996595,0.8194239346664588
82.41027,83.26406345000001,1.5259044546072518
97.67123,99.87102375,1.7496335203136535
61.37026999999999,61.50557865,1.1058820392896334
58.20672,69.2373527,0.9777612100443988
45.28563,40.68307805,0.9011967197668166
67.14908,56.621561050000004,1.0797721521803363
44.68508,41.98061155,0.9436425993253603
35.25852,36.35737035,0.9738612389109049
41.70243,41.366391199999995,1.0311032239065505
168.51675,176.3396,3.347588041372003
339.040704563,316.584638,8.593398995800605
102.2325612,109.04972315,3.6170104339749436
71.11111111111111,83.60349165,1.8495448861746961
98.33333333333331,97.5567304,2.694417468345136
40.56,37.6617121,1.3185086794187681
0.0,14.584491525,1.9786065596850533
-2.0,31.40469275,3.4142758624464746
62.0,53.49957395,3.029736440037812
132.0,138.77902699999999,3.024315064233294
131.0,138.712941,2.8313611079867598
127.0,138.207962,2.825021099905557
167.0,193.01775700000002,6.025749342530033
158.3333333333333,148.4404935,2.805859575218443
169.4444444444445,164.1710655,2.742041157763345
170.0833333333333,170.8322015,2.6499170789316095
59.44444444444444,67.91430319999999,1.3953321332766127
91.66666666666669,81.6925217,1.5434511638157562
85.55555555555556,95.8219268,1.6728508404663944
99.44444444444444,106.6475762,1.769776041727776
95.0,79.11094305,1.9736823667978287
138.8888888888889,125.32246419999998,1.8903535588551048
130.1277777777778,125.02958495,2.501772080802774
61.88888888888889,62.49298555,2.172260951663556
37.583,36.14358535,0.9560740001280059
60.100829999999995,46.5129185,1.1827223580629784
51.98012,57.66678695,1.1041003640523706
60.100829999999995,67.65474055,1.1549417720406818
15.83387,13.012170475,0.9964915071481314
35.83763,29.8550088,0.9078747630894336
54.45468000000001,56.314747,1.222683483359106
65.21075,66.34105079999999,1.3667186469755175
74.35947,75.92566815,1.4403573671598329
6.991319999999999,15.698173625,1.1693243294242601
16.36608,17.46336285,1.0656479349263366
43.488,33.40829035,1.4838814871953137
55.07667,50.06210125,1.6015449025713917
45.28563,50.7638519,1.2122947715512131
75.68787,82.89790325,1.8429410021379542
64.56732,64.04084135000001,1.2699750627207842
100.51563,97.4507359,1.9403535975220145
63.28447999999999,62.1054168,1.335401879452245
65.21075,69.37752605,1.3139574618909853
47.70123,41.5295463,1.5253232336786888
63.28447999999999,58.709634300000005,1.4745335104614252
51.36483,60.03910234999999,1.8305365775177345
32.95548,37.297141249999996,1.432588726523895
40.1253811111111,47.7116944,1.4762521986099377
56.533191111111094,48.18187655,1.335129438526526
38.3625911111111,49.193547,1.610449963153646
33.72077777777777,49.097600899999996,1.4084644750411865
67.36519444444443,52.2300128,1.4429502985871685
50.9553811111111,51.845889650000004,1.5477320977105509
68.0144311111111,56.53492225,1.4621167612514425
58.416581111111086,56.3924047,1.5619089665634744
55.28429777777777,61.086884850000004,1.6702765718703527
44.88511444444443,60.65313485,1.1630951062585826
59.67887444444443,61.49852415,1.4318889726119903
75.9097911111111,65.89962365,1.3108744994178592
71.28071444444443,76.0252011,1.4304293212940957
70.62477777777777,75.8402421,0.8854704033177957
88.80540777777777,82.4278952,1.2667665940399737
79.25647444444444,82.449715,1.4077691264115584
90.19098111111109,89.6330284,1.3156274563610701
116.79089777777781,100.72504775,1.6121625172285001
106.51032444444441,100.68179175,1.6328498888464895
116.04786111111112,116.3322636,1.5520565974245597
58.20672,51.95049325,1.6934535533246797
41.70243,51.12394785,1.3023567838989056
171.01788,176.618114,3.141521430757623
230.94492,229.174208,3.4944047689859272
224.48986999999997,229.50287199999997,3.6215821750366493
144.0,141.878459,1.8165299210391503
173.0,169.692432,2.4976970765246924
256.7777777777778,235.95374350000003,6.57290291556596
273.7777777777778,264.8967255,5.834760976064478
239.77777777777777,233.567718,6.396935411602717
303.7777777777778,294.3639075,7.727364406867662
306.7777777777778,280.869882,5.013968656368769
49.44444444444444,53.1649047,1.6045008890671815
87.77777777777777,87.2790102,2.070887923042791
97.22222222222224,80.9782066,2.946886175723013
111.7777777777778,108.9149578,3.0304828930587386
131.7777777777778,127.21517450000002,2.588359716379484
106.7777777777778,91.6899245,2.7383787434221087
125.7777777777778,108.00024225,3.205569493525175
136.7777777777778,127.33710025,3.853289328420888
81.66666666666667,74.1192717,1.693273220410849
91.66666666666669,94.89253635,1.7378658384890944
122.2222222222222,110.2102819,1.8704549545450406
121.0,127.92672155,2.481534208580026
79.44444444444444,60.7932412,3.0701533823224643
82.77777777777777,76.57217940000001,2.3764426642040597
87.22222222222223,83.3833683,2.5668063737711297
18.0,7.99174191,1.9233591279336681
5.0,11.244752475,2.190352041142267
39.0,39.51466055,2.9852086055637796
74.0,57.3045408,2.592838971613823
36.0,54.43596045,3.010927194003087
23.40675,26.7778479,0.9744001507613694
32.38307,28.459996150000002,1.107570625019855
48.91707,49.727000950000004,1.2005389598596972
73.69728,69.94120245,1.4441905404317916
79.70523,77.8291865,1.5069095715549898
21.21627,19.32070265,0.9151223907695154
24.51003,26.022724099999998,1.0850764625833562
39.92892,41.297901949999996,1.2183725120819129
96.25707,97.37958345,1.9007989064371773
160.26675,161.7504655,4.017027601979868
19.04723,24.49794595,0.9488300255185453
58.83674999999998,51.395658000000005,1.5379456121222936
118.77888,113.72501125,1.8618223329043937
161.08572,163.6915065,4.17787316481318
127.08003,123.71013015000001,3.5855578342587844
192.312245868,171.0857035,3.0810885752540114
97.0222222222222,97.685911,2.771172391998129
128.5,161.801738,5.438161881658362
205.0,190.1353705,4.555551399678228
138.5,140.01480025,6.492432231776611
40.55555555555556,42.045585900000006,1.1741582251044873
36.66666666666666,43.24693195,1.5212257145629746
37.10555555555555,45.5482594,1.6996449727992402
40.20036534363643,37.93646885,1.541204423579656
47.40018099423715,41.60993555,1.405741384867878
134.5705415075701,117.77352555,2.9185967329147022
111.6666666666667,114.1759732,1.8400721581572372
95.0,89.03194465,1.8160565863564841
95.55555555555556,95.52437795,1.9514837295257217
107.7777777777778,113.631323,2.153302328526604
86.66666666666667,89.04803945,1.9111860395507076
80.06666666666666,98.1568498,2.588136639821392
92.77777777777776,80.17284215,2.518734865170926
86.11111111111111,94.3249913,2.304385460416772
125.0,123.62930974999999,2.1357687733389294
60.0,65.00632060000001,1.787364206717176
105.0,93.6927228,1.744346687869419
107.7777777777778,102.1698053,2.072288449000312
111.11111111111111,108.6050442,2.136242212097796
119.9666666666667,112.8543598,1.878086715328254
76.66666666666667,70.026631,1.312569939842528
96.66666666666669,98.6645026,1.5306045881117636
125.0,119.47444499999999,2.1864013451531417
107.8333333333333,100.768036,3.4235051449604463
151.7222222222222,124.73246209999999,5.11057741187756
58.0,70.52549300000001,2.3423579283588998
70.0,78.535717,1.9992179086103947
52.0,77.8776129,2.1750107874982074
76.0,82.36943670000001,2.261627208547796
83.0,82.701004,1.855860111042598
81.0,84.87668715,2.455964116995868
117.0,118.36295480000001,2.711492101196343
108.0,121.50253634999999,2.2311314688951547
159.0,169.399673,4.621403791850196
182.0,198.68143049999998,3.763061008775031
140.0,138.28974399999998,2.7798951168068062
80.55555555555556,80.79497145,2.355770008158144
100.0,96.8913077,2.3294032532870808
104.44444444444439,107.64097205,1.7497948531511216
106.3833333333333,114.646706,1.624026694739832
58.777777777777786,80.09027725,2.570278268154245
67.77777777777777,88.98730115,2.5936241166312244
75.77777777777777,82.8111847,3.0555273375369376
69.77777777777777,96.96670815,3.1433701534360132
103.7777777777778,100.38084105,3.314726218743476
95.77777777777776,100.244612,2.4474748005548594
93.77777777777776,100.89482455,3.1197275762243573
100.7777777777778,101.44241905,2.8714511551247215
101.7777777777778,102.18902315,2.5122547550566954
102.7777777777778,102.1969305,2.2595598276101825
98.77777777777776,103.9139322,3.119232375775649
89.77777777777777,104.04132804999999,2.5659379113822878
137.7777777777778,137.66923500000001,2.7817415031263737
134.7777777777778,137.0339105,2.360254472746698
125.7777777777778,140.44028350000002,2.545297188803146
88.77777777777777,81.9942516,2.5499913213634646
91.61111111111111,98.60760095,2.523819826232147
103.55555555555561,103.9629345,2.821439429265412
99.16666666666666,114.2955841,2.663130596977882
90.27777777777776,71.7929576,2.3064815597755346
69.01666666666667,81.31137650000001,2.602434822944456
119.44444444444439,108.71211735,2.868779375958415
132.1111111111111,133.110856,2.6230445383629695
90.0,74.68316695,2.6822827451331275
72.22222222222223,94.27892435,2.793276592150461
109.7777777777778,97.71041195000001,2.660989720647354
55.55555555555556,38.272535700000006,2.516873352146355
80.55555555555556,85.1382371,1.5355078903608805
96.66666666666669,90.847671,1.4621339124610047
27.22222222222222,33.6789833,2.4995311022205553
78.33333333333333,44.8609737,2.6574225942921124
38.88888888888889,48.85807365,3.1896341972964506
101.6666666666667,84.2565442,6.511606274902216
60.0,94.97394305,6.41027103188566
32.39,30.8416128,1.8826228677720827
76.66666666666667,87.585269,2.0614087879611005
52.61666666666666,48.371709450000004,1.7128286593908866
57.87777777777777,52.62064585,1.6624741565339582
25.61867,27.3913648,0.918928347195946
57.57803,56.26295715,1.0030440674028924
80.37948,79.54990004999999,1.0151123538957325
82.41027,84.6722969,0.9819487445496438
22.30883,23.0237563,0.6685285151113287
31.24227,36.880258149999996,1.189060138467056
67.79787,67.51747854999999,1.07920242732109
95.552,89.40430165000001,0.9699909883201704
18.50832,21.3664419,0.8910249697696702
38.16747,40.51258955,1.8839357186456749
132.067,124.5110073,3.119045610802751
130.44,127.96509800000001,3.2373743792878633
144.042,130.4913587,2.316217377046626
151.618,149.075229,3.670596228000226
110.7777777777778,134.73667,3.839160058590113
144.7777777777778,139.65286650000002,2.783319381237319
31.0,47.8878095,2.0421947902475317
38.33333333333334,40.8679718,1.470686460687863
30.90555555555556,48.1064015,2.3469144193846585
66.0611111111111,57.557800199999996,1.6968916925172532
77.89444444444445,81.0842637,1.7294482529942796
65.85552,58.70205825000001,1.3032801220578978
101.94587,105.32309615,1.5926622366450744
65.21075,70.50192605,0.8864797225260949
78.36075000000001,94.1100597,1.2675965887749978
76.35408,76.2713433,1.4118649745056355
67.14908,63.7572275,1.3558652136291565
82.41027,88.88659585,1.734768171470617
56.32466999999999,52.392156,1.5729017449344345
65.21075,71.6027733,1.5933257420593074
68.448,73.3647526,1.4998909047232105
50.75088,53.15121865,1.2927165316300022
175.21323,183.543476,4.06261488899945
206.26618155199998,183.481906,4.03252854721438
85.55555555555556,94.09390345,2.1302221436287736
91.77777777777776,106.40835369999999,2.1575896788425997
96.77777777777776,107.12945655000001,2.3149294612734392
88.88888888888889,105.32479455000001,3.403196606463271
67.72,56.68106915,1.5545001438248232
67.0,61.2763914,1.9318468780830156
105.6777777777778,93.9239309,1.910030318058108
8.88888888888889,38.667748,2.296594775659709
38.33333333333334,65.45751025,1.5970323955396275
73.57777777777778,70.1522474,2.1470761002744467
88.73333333333333,82.78967525,1.7408466658284378
108.13888888888889,109.0038667,1.84534959314774
96.95,92.9355948,1.8076249457984952
117.2222222222222,93.74198824999999,2.0475950506401324
76.11111111111111,84.30646225000001,2.3093697758961036
125.7777777777778,111.1889302,2.6367274507693805
129.7777777777778,111.83018515,2.9143319685201003
60.94,47.06755475,2.0251814156996266
52.42999999999999,56.68424374999999,2.3983781495403984
34.10432,31.572932700000003,1.0732174766603315
61.37026999999999,52.5850318,1.5445873673675201
75.023,65.86909385,1.3002213315143587
78.36075000000001,79.60119714999999,1.2956411521958118
96.96348,93.3612305,1.2585560333217087
125.55867,114.9995257,1.6189504935746752
20.12907,18.91940295,0.8873069618847258
27.852030000000003,26.7075953,0.9676424565542957
45.28563,43.396554800000004,1.423530416661211
67.79787,65.0646485,1.917236926394762
85.13674999999999,80.0212999,1.4127614692362305
103.38147,94.0035348,1.4712102524460495
112.10763,106.05274784999999,1.2949036409511931
16.89963,22.36713405,1.0922869507453508
29.54112,24.872601850000002,1.1917780166224115
62.64507,48.8250059,2.1332273620570414
81.05507,72.79469945,1.8822980844595119
92.04675,86.08988295,1.8491015077802233
67.14908,70.40561364999999,2.0000565125377707
120.27612000000002,114.55042325,2.5906669141007908
99.80252,90.5651562,1.8024232009864303
146.54928,134.180476,2.5818055422175545
93.44483,87.64771345,1.895659899595623
99.09075,97.66864960000001,1.7348139418069677
73.03643,58.97676695,1.947071559457581
85.13674999999999,78.86648095000001,1.9447904782073684
77.69051999999999,81.49625814999999,1.9151839793236642
53.21472,53.095117349999995,2.1628305585632397
63.28447999999999,60.8922333,1.8893549002863406
164.7777777777778,126.54440405,6.167490145534393
178.7777777777778,154.519546,5.6807571968286075
175.7777777777778,152.790069,8.074325202747614
125.0,115.8660731,1.587715396047844
121.6666666666667,121.08447085,2.2254975149582594
143.8888888888889,140.0599735,2.273641481984993
155.6111111111111,153.5905925,2.337492949895077
87.58888888888889,104.60076260000001,2.6420825874440763
91.66666666666669,94.8886382,1.6820347681550083
26.732669999999995,31.092218600000002,0.945295747407818
35.83763,33.245802250000004,0.8731401641823061
54.45468000000001,54.298864,0.9718443028888285
74.35947,67.0584787,1.0913861478457538
76.35408,78.1104763,1.1564858338266812
91.34972,88.52707045,1.3332075777977013
94.14588,92.3721334,1.3641567354365796
99.09075,103.32202724999999,1.7570858828483698
34.10432,29.4644257,1.0028433269389117
73.03643,69.26075180000001,1.1158611850665205
86.50803,81.22250840000001,1.571367834946304
100.51563,92.007036,1.923207419319475
19.58748,25.5413396,0.8098978369050734
31.812,28.53770105,1.1346188211468562
63.28447999999999,57.2670103,1.4748793494869181
88.575,80.655391,2.1308252732324187
75.68787,89.4156763,2.0275659328837476
67.14908,70.64226375000001,1.6464654538569619
104.82242999999998,110.47407495,2.229881159611462
101.94587,92.64571240000001,2.1852398538752875
133.99248,130.1935838,2.421640174569026
81.05507,90.7646395,2.2126050676698608
89.95968,99.73769465000001,2.3561911447584483
65.85552,58.0526036,1.295114794495287
84.45312,76.4498885,1.277949141525038
75.023,77.9964397,1.5557733593637977
45.88751999999999,53.476685950000004,1.7926803236964965
49.527,59.398826099999994,1.4971912439910475
25.1745708,31.901612950000004,1.5007956970547127
49.6491468,56.350606500000005,1.1604956639160469
43.0106688,56.098711300000005,1.0202742490014545
49.6491468,45.49745005,1.0394741336948103
50.2606848,45.39316145,1.1518075416175677
59.59455479999999,45.6454697,1.0252603951871837
52.1033388,59.77078995000001,0.9664411463934928
60.22753279999999,59.939728349999996,1.1330639389432577
47.8225728,48.10049095,1.1632528285243224
48.4300908,48.39445895,0.9935886883369291
45.4059008,48.4573643,1.0810749833721358
78.49495679999998,64.74467784999999,0.8790926752100273
70.5374208,67.79298320000001,1.0398834284532275
74.49206879999998,67.87127855,0.9129197330021304
60.22753279999999,69.86820025,0.9605958971329859
57.70366079999999,60.525178600000004,1.4677114743517297
55.2012288,60.443189849999996,1.219666668196395
87.3333708,72.65251615,1.2988770391382953
82.54608479999999,72.87605115,1.167007705925548
87.3333708,78.0378585,1.4155562561030055
88.7132268,77.80565255,1.7341344619577557
86.6454528,84.6991836,1.6951118313376188
70.5374208,81.87286954999999,1.7102653159459553
80.51449079999999,81.97233155,1.5906828386314045
90.7930608,92.2929743,1.7453814339107452
89.4051648,92.3454355,1.7684162408349415
80.51449079999999,88.36571425,1.754242826418395
97.1049228,88.9567668,1.4929357269415804
88.02262879999999,93.78473355,1.7170707961012381
94.2862508,94.0118249,1.7373542853944042
108.5940108,108.6854662,1.4802016178247517
115.9488908,108.67798345000001,1.5090503465669873
112.2547008,111.7044195,1.3703447838502654
121.1770368,112.32626230000001,1.897210080565259
131.8303088,112.71996200000001,1.6212620663653554
115.9488908,112.06741925000001,1.5486982117642474
130.2923328,124.0693663,1.9944018095071188
115.9488908,123.8530228,1.6768588897910965
145.9132928,136.19658199999998,2.326617314905229
140.3849868,136.136528,2.064609372395961
219.00923000000003,215.7722415,3.780237582190168
245.94588,256.691617,5.216489823617629
276.97692,260.265996,5.753196565725691
130.5555555555555,108.57554625,3.5946381565370946
105.55555555555561,88.51277780000001,1.942829186069163
45.55555555555556,60.11247115,2.229105121704299
95.55555555555556,95.17243185,1.8920356288644673
105.0,98.43009585,2.0652699554460265
108.6555555555555,125.56239754999999,3.362467131629071
120.5222222222222,115.51101229999999,2.9775971732502517
139.7777777777778,115.60232264999999,4.147955911649372
161.7777777777778,153.8901795,4.6285354769521865
159.7777777777778,154.91809949999998,3.6729204130335633
165.7777777777778,164.11731500000002,3.8236579986000185
117.2222222222222,94.80939620000001,4.414275131002175
165.5555555555555,138.9673975,3.6554825647769227
146.9555555555555,144.0990055,5.493109873290049
16.89963,23.609549,0.8987064602331746
67.79787,64.35447880000001,1.4990323993516472
76.35408,79.47047165000001,1.437925598747075
87.88467,90.2689144,1.3906584334074266
90.65403,91.8542829,1.4740512175010398
101.23008,115.37652125,2.1688939096320814
19.58748,16.902551475000003,0.8061457227006252
62.00699999999999,55.2145656,1.2888881211244136
92.74512,84.09508650000001,1.3243880608006902
104.10128,96.71302990000001,1.5172917037515063
116.54306999999999,108.6395688,1.6349394911114117
71.06192,71.55800295,1.5687519744133334
106.26875,107.255707,1.8872338456723547
96.96348,87.25770650000001,2.022636076109395
123.28668,136.495824,3.2592910040704743
115.05923,115.6404524,2.145887094915475
92.74512,87.95568805,1.2314380634389055
71.06192,70.68081515,1.236705996367355
86.50803,89.7490799,1.0957199227494703
66.50163,64.1077891,1.2896822615506978
65.21075,70.6027216,1.3502234063731595
221.58825456300002,202.9294405,4.200360692251975
30.55555555555556,34.42514545,1.3689520467760217
113.88888888888889,121.73200154999999,3.142430307600553
87.22222222222223,86.63675225,2.7123446510469376
98.33333333333331,100.50648029999999,2.504830348838906
91.66666666666669,89.098009,2.3743116719777086
76.11111111111111,85.41859345,2.2964868260831155
98.51666666666664,90.9309557,2.441168208725145
110.0,108.21476095,2.6032325779576935
143.8888888888889,130.914748,2.442122566094375
25.55555555555556,39.2851246,2.214794913928326
96.66666666666669,95.7969013,2.856776618232553
136.9777777777778,112.7213651,2.4495675516765667
37.66666666666666,55.69409965,4.652818351871706
149.397825483,152.508894,3.42528693841368
113.88888888888889,108.9323029,3.18435858425095
151.1111111111111,133.1075315,3.9391113591910707
191.6666666666667,172.281322,4.087737325142623
123.3333333333333,121.73896514999998,1.935916156050376
202.85675,187.372458,3.8436416164972393
30.55555555555556,34.303004,2.4615599092797353
133.3333333333333,118.5745775,3.745148276751778
60.0,88.9687797,2.7403862243148374
92.77777777777776,104.22804894999999,4.230957233435051
70.55555555555556,59.4927814,2.06390233656352
87.22222222222223,80.46853519999999,2.211799896267116
89.92222222222223,88.4675948,2.758133914443598
146.3777777777778,137.67332249999998,2.0930406051531154
125.55555555555561,120.2793281,2.7872112767003814
72.22222222222223,82.22689325,2.8589106172619205
26.175,28.01542925,1.3759215854790363
34.10432,37.02624465,1.2517824703172284
71.71875,71.31338124999999,1.560409749116082
97.67123,94.61222104999999,1.6931288650332827
99.09075,99.9200094,1.965240827355057
102.66299999999998,114.15680395,2.0688969122584555
160.26675,160.39355949999998,1.8257584074641633
137.09952,127.26154799999999,2.02082141749368
18.50832,20.5993483,0.9274781283949842
63.28447999999999,61.424278900000004,1.6701774983014865
106.26875,99.3693204,1.7644828191023283
124.8,121.84950005,1.9014716013545783
150.54363,142.5266265,1.7545774206502014
166.02768,156.988151,1.9990373006943498
32.95548,28.8925908,1.3179972167556107
43.488,36.19776825,1.3730400567545018
39.34043,33.0338113,1.0807154934767733
80.37948,85.154331,2.271426029363426
123.28668,121.57733515,2.1856395162858258
136.32075,138.97171450000002,2.032142662854772
99.80252,106.88534,2.6635218419334277
166.85603,176.21724799999998,2.349489117483786
157.81788,146.4004665,2.3022168244296877
211.77675,205.4588355,2.2133414761074777
137.87963,144.6367205,3.444173709381461
85.13674999999999,86.80781095,1.3788025947314406
124.04267,113.7205711,2.1301655592015147
98.38032,95.1238,1.5923711873061617
121.02675000000002,120.69652470000001,2.3022041007557394
329.26875,299.08065350000004,11.27816623001521
192.32963,188.38987200000003,4.412616043798197
75.023,76.08123309999999,3.514373353417811
124.8,111.5658717,3.33164277370762
258.222600363,257.388816,4.7147254608707705
70.0,98.5599977,3.9130349603270194
76.11111111111111,80.3584893,2.609331151151837
20.672,27.37397995,0.7269757723367243
28.41372,31.68707545,0.833497508797116
33.52923,37.64457255,0.8161609025304465
43.488,42.1198923,0.8142867565661115
53.21472,51.8294214,1.049151821101689
38.16747,43.34540495,0.8030636168062554
31.24227,29.26574185,0.8430652887740118
34.10432,36.14852675,0.7983769807966575
43.488,41.74905525,0.75470691210345
49.527,46.930256150000005,0.6567791725676588
13.718430000000001,12.722774275,1.2703830446274595
19.58748,17.187272049999997,1.0469470484887542
28.97675,27.89106795,0.781112289573183
37.583,37.48163635,0.929139349256995
40.51875,40.33398775,0.9583288502633319
34.10432,41.85947695,0.8338032657106436
48.30848,46.3589226,0.8054421436322968
53.21472,57.886992199999995,1.0327029232321219
68.448,63.16920125,1.3213789792781223
47.70123,51.19488605,1.2647071144668227
56.95068,53.682761400000004,1.1563477100861654
45.88751999999999,39.236175149999994,1.1526693777393995
26.732669999999995,31.917492349999996,0.8537498864931592
45.28563,39.54432855,1.1160803919174365
28.97675,30.07304405,0.6138195656436809
28.97675,31.67200765,0.914502073069981
39.34043,32.09153815,0.6873251030569442
47.70123,39.2211432,0.7615228923340384
43.488,44.1757858,0.7632391939427495
54.45468000000001,47.65429755,0.5924018818327634
55.7,55.722018649999995,1.1043388897111472
47.09532,45.6866128,0.7301697807056564
27.291679999999996,29.07771285,0.6997021218603089
46.49075,37.0997653,0.9291469826088693
50.13827,41.682598999999996,0.7853019123680679
51.98012,43.8054226,0.7791909224959878
47.09532,46.37168235,0.7264472497504021
48.91707,49.805712299999996,0.7131496744437822
34.10432,27.75514855,0.6582636523393209
45.88751999999999,39.03679075,0.8269840633499712
43.488,42.2225525,1.0266766894727308
42.89147,44.31716205,0.9100204121602792
51.98012,49.5236905,1.0430960999296623
71.06192,56.77023855,1.0292066690363972
79.03232,69.92695025,1.6433499631326862
39.34043,33.14438515,1.00458344111898
42.29628,40.65916205,1.053126877638331
26.732669999999995,32.322853800000004,0.716479908699146
38.16747,40.6386439,1.1182333485690212
26.732669999999995,32.03064155,0.8041035076848636
42.89147,39.838126849999995,1.132136043220179
62.64507,59.14363455,1.2994223279465555
68.448,75.01154705,1.5274979879657506
81.732,83.55013985000001,1.744447513369638
89.26666999999999,97.2328854,2.3407221356227783
21.76188,24.5036147,0.8701017501795313
36.99987,35.44927175,1.2269230094309254
59.46812,54.6969738,1.3101473353466615
74.35947,71.11972215,1.2044006109263306
80.37948,78.66003435,1.4844217373688602
85.82172,86.7060611,1.6170804839546598
85.13674999999999,92.10118585000001,1.2485399201722043
23.40675,30.5256776,0.9751005220562977
36.99987,34.179557349999996,1.3227793323449206
71.06192,63.09343175,1.2972848296492934
85.13674999999999,80.6343624,1.854886276214893
79.70523,76.60380835,1.8743920288257472
96.96348,109.04475355,2.1032239147198566
106.26875,95.85705114999999,2.049710798016723
133.99248,126.73536495,2.2305500405393395
96.96348,96.33469615,1.7454065387253792
74.35947,69.77841785000001,1.763271171319683
56.95068,56.97443355,1.7172899999583937
63.92523,71.32526425,1.606362729479236
49.527,56.877109250000004,1.6244138945396789
103.7412075,112.6775942,2.902544494661473
131.7777777777778,112.33894155,3.700710835807378
136.7777777777778,122.05708915,3.8306852849775996
62.777777777777786,62.5032509,3.176974566432393
54.44444444444444,64.36950145,3.4243262295444423
65.55555555555556,71.10139425,3.695603065774315
26.732669999999995,28.321006599999997,0.7302138413865953
39.34043,37.954554,0.9789114934633418
65.85552,67.4252028,1.11878461072012
88.575,82.17056925,1.233479093336911
91.34972,85.0481991,1.3882948293524027
85.13674999999999,92.43235130000001,1.2987466757340005
105.54492,103.93509605,1.1234835347132313
119.52682999999999,118.35007275000001,2.06576709658661
19.58748,20.743845450000002,0.7298914709436329
35.25852,32.609245699999995,0.7630866862089645
62.64507,60.1864726,0.8149694100486814
92.04675,86.3443631,1.372129919332211
115.80048,111.5642635,1.3758207822863053
123.28668,119.32297020000001,1.42966878799836
15.83387,13.011658274999998,0.8008162137259096
21.76188,17.083911075,0.786772314840334
32.38307,28.004634550000002,0.8430439748782206
27.852030000000003,28.620471,0.8003103842340442
40.51875,34.9945953,0.8957574798843413
38.16747,32.06367485,0.8042355981239028
101.23008,99.66093895,1.5085750603521406
106.99392,109.96101295000001,1.7633096338083716
92.04675,88.87597550000001,1.7675851183513662
133.99248,137.8680885,1.963935483985038
170.18283,162.854574,2.050507648003292
115.05923,118.65813800000001,2.3646909769892375
126.31868,130.116892,2.1415131441271744
73.03643,69.31786509999999,1.5343127638862666
76.35408,70.9300452,1.7554808726949291
87.19568,88.8135006,1.6008399863068752
69.75228,70.57582415,1.5526420697885555
120.27612000000002,141.36480650000001,3.154076039416931
203.74272,230.55347999999998,8.120124024144223
172.692,163.669647,3.4282127107086313
132.447,127.8195767,2.269962425483923
73.03643,73.57538819999999,1.9184288078954959
202.85675,201.1064955,4.729013460678521
220.77777777777777,200.177661,6.242770413045706
70.0,88.683146,2.842762041900206
98.77777777777776,96.11774925,3.5681495476327476
97.22222222222224,100.02690475,3.937825281734007
28.41372,29.2767263,1.0059832392046832
39.34043,36.0317295,1.1605504474693078
44.08587,39.3969498,1.1966966596098738
89.95968,95.17443505,1.8155475503479277
99.09075,97.25460860000001,1.7216071067708316
117.287,120.36936659999999,2.5878256833269244
18.50832,20.87595915,0.8953198372541905
37.583,33.41987195,1.0056140306787404
71.06192,60.465335800000005,1.5955512680719348
92.74512,87.5494143,1.4504866684945545
103.38147,101.40367455,1.585061602149348
115.80048,113.02391995,1.5172168558335433
123.28668,120.0228313,1.698473815323228
27.852030000000003,28.90078405,0.8789618276683298
108.44828,109.76343434999998,1.7677193307442407
101.94587,94.0532659,1.4156223229746325
128.60675,140.9406425,2.9795887404417223
135.54332,122.6995447,1.8480723645865826
179.44208,166.1612745,2.8182851796652497
118.03227,121.43872724999999,2.01826735370554
75.68787,70.65400255,1.5679277103514544
76.35408,71.9089056,1.2194188758549325
83.77082999999999,91.1140754,1.4828616387274298
62.00699999999999,71.22979695000001,1.2999524058478966
23.95772,25.261182249999997,0.8764291105085018
37.583,28.310060550000003,0.7941190506979522
46.49075,43.49875765,1.234784399933181
55.7,50.85403,1.209665452261819
50.75088,52.26828735,0.9409132070127841
60.100829999999995,56.23816075,1.1296595831548404
59.46812,71.24866349999999,2.3009613843368655
18.50832,19.75690255,0.6557301447478203
42.89147,39.642926599999996,0.7241909725682931
59.46812,51.73060735,1.0759831992938158
63.92523,57.94016105000001,1.1624620901143843
67.14908,62.6292512,1.1607297375423882
62.64507,66.2054315,1.0649954632104282
22.30883,24.8389251,0.7826223876525242
30.106829999999995,27.2414199,0.6417174094384613
44.68508,45.58882915,0.8145024012283602
59.46812,60.9387295,1.260910464984957
55.07667,53.608231249999996,1.4636360963385857
67.79787,75.51544679999999,1.8042452445762027
71.06192,64.17241,1.6572661307881922
77.69051999999999,84.27610969999999,2.5893847429488184
66.50163,63.242347800000005,1.7300985733399086
60.73488,67.5875106,1.981483777802737
58.20672,52.59964275,2.054879277751011
49.527,46.54223315,1.9659832581640122
37.583,53.6078848,1.8178778947718888
40.51875,44.3137054,1.4533266362715072
45.28563,47.1954165,1.7413784690594527
14.77347,26.317852950000002,0.6196910619128547
40.51875,32.2617737,0.9239318172798303
35.83763,35.00759565,0.8863133081346927
62.00699999999999,59.182334600000004,1.3950784524117321
77.69051999999999,71.8922052,1.3356142893490734
77.69051999999999,73.90184825,1.3747659959296752
79.70523,79.37110894999999,1.4429475128543598
89.26666999999999,87.0117786,1.6967097910995868
99.09075,97.71082455000001,2.0837164781870543
19.04723,19.81240375,0.7524005281544834
30.106829999999995,30.049453900000003,0.8835635323475709
74.35947,73.8656917,1.3496940980422638
91.34972,83.79241195,1.3214990336374781
92.74512,90.77384705,1.3506807435480155
101.94587,95.62068925,1.4939779954311265
23.40675,26.2494453,0.8330751820683537
28.41372,29.244298199999996,0.9277060347666626
63.92523,63.6503686,1.4641596415428106
90.65403,82.23513755,1.634967729850075
89.26666999999999,88.82506575,1.6557963738718144
81.05507,76.77393695,1.736289214144967
118.03227,116.9619827,3.2439211950225366
106.26875,100.0922827,2.3811148519767444
156.192,135.4038065,3.329235420760298
98.38032,97.9759776,2.4974658973328285
116.54306999999999,107.36654295000001,3.169678240347026
81.732,69.39164795,2.8669442587539
65.21075,60.045058749999995,1.7453569350912563
51.98012,58.7738281,1.7089919343825517
30.673880000000004,44.111584900000004,1.1552486912696787
74.35947,73.003321,1.5807992886180597
82.41027,86.1538628,1.8555138357719692
112.84351999999998,108.01960405,1.995962878933436
114.31932000000002,103.5470646,1.892978008718827
127.08003,122.08576015000001,1.9460725220863184
41.70243,37.8792192,1.002797412849077
73.69728,80.75125985,1.5353628549135023
94.14588,96.9596705,1.8688442846253372
178.59363,166.931428,2.548120603364466
134.76723,136.0588955,2.1968693892864755
65.21075,72.55521165,1.4672917447866594
91.34972,93.36923805,1.750858528558503
74.35947,75.121599,1.4214693998991594
25.06368,26.3610836,0.657913568880354
36.41808,34.927888949999996,0.6640619544852617
82.41027,84.0452492,1.763567177094544
91.34972,92.42179335,1.912893806456904
94.14588,102.88680785,2.0946309410296267
92.74512,89.7564062,1.7652718871028756
81.05507,77.3095279,1.296707628853573
91.34972,88.97616115,1.1163328099026189
96.96348,97.2429708,1.6200469126443464
100.51563,102.2621627,1.4674549145483908
30.673880000000004,29.191382249999997,0.5902015383435042
64.56732,64.7096796,1.1961023354501072
83.08988,84.9531987,1.6323459223453802
89.26666999999999,94.46572599999999,1.6572863158657565
79.03232,81.75153015,1.4456113937594668
112.10763,124.95126239999999,2.381626767755237
115.80048,107.3612661,2.013977435866749
144.16875,146.081004,2.635735925350482
104.10128,105.94405205000001,2.13147062429057
62.00699999999999,59.5207285,1.4568874076934122
68.448,75.1840182,1.86627821215131
51.98012,52.1658785,1.2217219369005152
204.266070827,204.059567,4.75675561281127
185.727896832,177.3649425,3.45329611204605
203.0,158.2051555,13.354702989355465
14.77347,23.699908299999997,0.829074771987558
30.106829999999995,26.550266699999998,0.8265095888802876
32.38307,27.632539350000002,0.9738123243557162
34.10432,32.73036255,0.7732468765030576
35.25852,35.12321735,0.7540179161707998
35.25852,36.052700449999996,0.8192314832009502
31.24227,38.058410249999994,0.8289699566315233
41.70243,38.9199059,0.8200600301287886
40.51875,42.104749600000005,0.9522653808213233
15.83387,19.07923985,0.9542931560176532
27.852030000000003,25.085178,1.0240601428803413
33.52923,30.96619725,0.8092307990169866
33.52923,37.1765603,0.8273663240662866
39.92892,40.40830235,0.938726812076435
38.16747,44.19947605,0.9998419361643585
22.85712,22.55602385,1.0132889131575085
20.12907,24.157721549999998,1.0344119893140147
35.25852,41.17008975,1.0627607463578725
53.83403,59.0789756,1.6553709697332888
44.68508,54.458146150000005,1.4934255817480857
38.75328,47.42255915,1.143578275426892
34.10432,31.2616526,1.1026824292444606
41.10992,39.1275396,1.2757383943064173
23.95772,28.286770699999998,0.7061172111719651
32.95548,40.76999485,1.1846048579927964
62.64507,57.06406545,1.8204000112961993
112.10763,106.49950305,2.07704594252646
143.37792,139.6605705,2.162951400503911
144.96092,148.6229075,2.1945122412865636
164.375,169.9379045,2.0799481909981723
166.85603,175.281336,2.1624732607690356
235.59587000000002,240.152942,2.3277753249731115
141.80028,142.642864,2.0340879573265895
181.143,175.94655600000002,1.9250521191506278
213.57683000000003,225.3896355,2.9655685696133673
31.812,43.2864807,1.745711640777845
55.07667,49.49409175,2.7272057479750798
124.04267,121.5960672,2.442182075255924
172.692,171.3456375,2.4732155060927514
201.08883,195.791022,3.1643393323868603
156.192,161.65453250000002,3.5781410947289602
235.59587000000002,249.43850899999998,4.559729049408529
219.91932000000003,206.27689300000003,3.3840130335867893
286.95552,282.1965225,4.262131583864776
197.56907,201.8028855,4.579165029287234
131.67627,128.54803795,2.3593082155743605
180.29187,171.88841299999999,2.826095114079159
150.54363,141.2513995,2.235824876322817
127.84272000000001,131.622969,2.482890394863255
133.21907,143.1002755,3.1197138048013575
370.8304163,359.7346635,4.330732243963843
47.22222222222222,37.3936009,1.964319130795169
119.44444444444439,123.25978715,2.604034271715115
64.56732,65.69078694999999,3.3532899633171933
175.21323,173.835891,4.015077458973465
238.40252,234.78670499999998,4.1123030380496814
35.83763,41.072713650000004,2.4258502056424693
206.40866999999997,199.3551075,4.238716208530816
267.13232,258.09637549999997,4.705986194661202
224.48986999999997,215.93400849999998,3.9732493960621404
269.09052,266.9447,4.378909883169065
219.91932000000003,206.36355399999997,4.216797523232655
21.21627,29.61307445,1.3723297252895574
34.10432,35.044264049999995,1.4491403581458935
46.49075,47.75797845,1.1952275983878324
58.83674999999998,56.486864100000005,1.143300716791284
63.28447999999999,65.93566415000001,1.185546576006249
69.75228,73.7019681,1.8346327683105206
73.69728,88.0983865,3.0585454160985304
75.023,70.6115594,1.564795717499402
74.35947,64.45911885000001,1.4400123960450109
73.03643,79.2489991,2.2733937561815702
46.49075,49.446674200000004,1.4174177162045374
69.75228,61.24543129999999,1.3158375500262016
68.448,67.3210036,1.640112311310656
64.56732,73.06813935,1.7467549421111765
88.575,102.27286305,2.994388688534
96.96348,85.10758415000001,2.3277388372155308
127.08003,114.61828695,3.4042357374305605
79.70523,82.96367219999999,2.6134527259332336
89.95968,88.89351965,2.2035933732597877
38.75328,45.1117247,1.8230026402378052
38.16747,45.972688850000004,1.9748901004490635
48.91707,61.00264130000001,2.089718413873961
37.583,42.71029835,2.2524226714786644
34.10432,45.686199699999996,1.3366235255606245
33.52923,39.09473185,2.267769889225984
50.13827,53.607673250000005,2.142967405101428
68.448,63.61455065,2.317432861651384
83.77082999999999,76.86939105,2.2920470345589488
87.88467,101.26240874999999,3.088167646030026
27.291679999999996,36.13575555,2.6419018855867247
50.13827,49.17074495,2.213195234587016
81.05507,73.5470999,1.7298251076338969
100.51563,91.86985355,3.3884309325708233
22.30883,35.72636355,2.304158138056076
81.05507,76.46425185000001,2.649246938770264
79.03232,81.95039835,2.9854814190185097
157.81788,132.7628015,5.894364053488348
71.06192,53.187035449999996,1.919732988618756
72.37692,69.61324690000001,2.507010100183082
62.00699999999999,71.32688825,2.4290259186442555
47.09532,54.999202849999996,2.184971347691586
4.967000000000001,9.58525666,0.9502366152820715
23.95772,23.9948578,1.331858545797192
42.29628,35.5721244,1.6406610500358951
6.483230000000001,6.509267955,0.47787638560978835
8.52363,7.620531914999999,0.5652416702527571
8.011519999999999,8.476048305,0.5817985670137104
12.66875,8.272371680000001,0.7952290320674935
10.58547,10.7565432,0.6403946084571688
7.500749999999999,7.796251895,0.5471222987633085
17.43452,17.012765350000002,0.8337245806546144
89.77777777777777,61.72270579999999,3.5323040522598004
8.72,7.318078795,1.2766560466490957
17.0,6.60322461,0.4645602489224109
12.0,8.459569425000002,0.5129361665225759
18.78333333333333,11.4875167,0.84394695273179
2.711111111111112,10.318650049999999,1.6983255817853893
14.666666666666668,19.1664513,1.9225065890114483
12.0,14.075555875000001,1.5572182265102097
-3.87712,-3.2480713100000003,0.8973257914675512
-1.94928,-1.21354575735,0.7877337114497696
-2.43325,-1.7394910018499998,0.7242287697792091
4.967000000000001,4.564359850000001,1.6625959715078937
-1.46397,-0.23908093905,0.7511905528521724
-2.43325,2.3391104505,0.8478075452984377
5.47107,8.12035584,1.3296098499268783
-5.308929999999999,1.4348130860000001,1.6900677239157569
11.10428,12.7325873,0.9916349328677978
32.38307,31.215144650000003,1.4451373960539569
26.732669999999995,24.4137713,1.4472063450062054
9.03708,15.4177056,1.6801762032667622
-1.46397,6.078572355,0.9489252901019386
3.9628799999999997,0.23341587974999997,0.6698260173085923
6.991319999999999,3.1714955700000003,0.5221830504636162
10.068,6.20459506,0.7869853567383143
0.98268,4.215664535,0.3869397435825626
6.483230000000001,5.186976395,0.8341042286869614
-1.46397,1.802816615,0.5797603536706363
8.52363,5.42652064,0.6017448053921767
-0.97732,1.986925252,0.6656161199972342
12.14592,10.6302729,1.0949274694470765
-6.25677,4.054445944999999,0.5392059216086945
11.10428,14.55487405,0.9107353477874334
-3.39717,2.254742625,0.24239473601374364
12.14592,16.2697425,0.9946787950992289
12.66875,10.32360055,0.667844592407898
3.4628299999999994,3.75923507,0.3420793820113211
12.66875,8.67208306,0.49431677746172925
6.483230000000001,10.096446225,0.39372246124150057
16.89963,17.149693300000003,0.601904364875885
7.500749999999999,6.390556865,0.46724863459162186
-5.78352,3.61896398,0.3936219870092365
10.58547,12.682290875,0.8717179074429906
5.97648,1.709088165,0.2712109043411579
5.97648,2.261218005,0.2687786720727874
-2.43325,4.256098655000001,0.5535336984356527
12.14592,14.77718935,0.896869483546682
2.46675,9.760773449999999,0.6400804451102815
5.97648,6.592989439999999,0.30881739510692846
3.4628299999999994,4.76201171,0.36976240435271696
10.58547,7.133826005,0.38438961219237944
15.303,13.43872,0.5290194273081795
32.0,29.371755999999998,1.886738149968493
25.0,28.63761475,1.1677596011098343
37.0,29.9626194,1.2982536417447135
43.0,35.42387185,1.2743501205981227
18.11111111111111,15.121783650000001,0.9909758533799572
24.0,15.004162525000002,0.7824940462831261
12.0,22.04841535,1.0263769441820854
67.77777777777777,46.6401951,2.1212296098838994
13.0,6.4676832300000004,0.5696351211201232
-3.0,5.780131055,0.5245759729690301
6.0,5.5298344749999995,0.4904290431154047
14.0,15.503125650000001,0.6763178720461086
24.0,31.47278395,1.2121183702990257
73.0,68.87269755,1.5972251179482482
38.69444444444444,24.9634958,1.531898638381266
49.42222222222222,30.7728316,1.6299717519804608
52.02222222222222,35.34234515,1.8121972450750226
4.444444444444445,7.347275695,1.2964137488569574
6.991319999999999,2.85276653,0.2878731538225749
6.991319999999999,8.8588583,0.5716258344770546
-2.43325,7.01381753,0.6164762985102246
10.58547,12.27510755,0.575491292546613
10.068,7.66262703,0.502437134484035
10.58547,5.09134961,0.38601427635137914
7.500749999999999,5.234059965,0.46628664911955675
27.852030000000003,24.38230625,1.1602125205087885
-0.48933,4.653262785,0.799466055481528
15.83387,20.84637405,1.3462108219556763
71.71875,57.877756,2.670982569928506
20.12907,29.7178425,1.3227334896240033
32.95548,23.3422662,1.3248518613762703
25.61867,21.8471044,1.9382433858518544
28.97675,45.65329305,3.8768119060896926
4.967000000000001,6.913140895,0.6634467497077692
14.24528,17.78383245,0.8613236958499874
94.84827,93.18314575,2.670268626812937
87.19568,87.27395494999999,3.462542672753674
-1.46397,2.072325335,0.21868705566168792
0.0,1.5476469800000001,0.27295738903100175
12.14592,6.355499235,0.28593886335210905
11.10428,9.674598249999999,0.35705501350350305
4.967000000000001,5.50217588,0.41097429063883584
12.66875,10.961603624999999,0.5658819435519931
9.55187,7.88477941,0.44926312578122496
6.483230000000001,16.861021700000002,1.9162749206370238
-2.43325,0.5658422125,0.7032467612414577
8.52363,3.116799875,0.7260317112473392
9.03708,7.047227155,0.8699076414995084
161.290671875,166.117937,5.550400553644374
88.0,79.79713075,2.498207552088579
50.77777777777778,33.38597135,1.2405492233007247
11.11111111111111,13.127230274999999,0.9813962277496263
66.77777777777777,74.68057065,2.2966278155095248
10.0,22.708693,1.2164228761006384
14.61111111111111,19.15490165,1.5853510670652984
59.777777777777786,38.4190505,2.818369552031561
16.27777777777778,12.608312475,0.7090477902164853
4.833333333333336,13.920137375000001,1.7267858569965586
36.77777777777778,13.744522100000001,2.0194881844967005
-0.5555555555555556,8.591154849999999,2.127902109628991
-10.55555555555556,12.334450174999999,2.33721826622853
13.0,7.439331579999999,0.5867153630994508
51.0,59.667369900000004,1.6688736699587756
5.0,15.512097649999998,0.6924209847334871
6.244444444444444,8.817216835,0.6524084733979506
4.444444444444445,4.65763926,1.0109927556554703
18.25,10.04887825,0.7494041195089165
-5.055555555555554,13.66042275,0.8462229734601886
25.30555555555556,10.127901875000001,1.1448419986119192
24.77777777777778,22.2036324,1.839336130310991
46.8,42.8925166,1.6058213127405643
10.32777777777778,5.362630205,1.75575910171509
31.512557590129905,31.218827249999997,0.8600641989895059
33.83945986632355,17.7079676,0.9794993930244701
33.1056760059883,33.48061045,1.3790359907413385
27.58200185556428,35.050852199999994,0.9614404599103867
38.56096296646619,34.79252795,1.0123959697161082
48.99369005288349,35.2758937,1.0336417578580614
36.9890963057731,23.67746215,1.0517342792189168
45.39582928499331,30.670871749999996,1.1942956236305307
11.1,26.1236543,1.6660192430476501
66.77777777777777,46.0393702,1.4702250214197463
24.0,33.6103496,1.304826004301417
13.88888888888889,23.2466263,1.826947928719431
11.66666666666667,22.32260575,1.3218139288464594
10.0,11.133298125,0.8129819037722518
17.0,10.920729715,1.730593715397271
7.0,15.085828225,0.7626376565279778
22.77777777777778,26.54783605,1.7584056285117307
49.77777777777778,44.3067408,1.9710373645463295
85.77777777777777,79.63371485,2.26200996712561
27.22222222222222,30.5674038,1.0521450957133445
39.9,35.0397801,1.2208302123412784
3.0,8.09650486,0.8204067559961166
19.0,9.736205175,1.022106439400146
16.0,28.1909787,0.9061342053529612
63.0,77.81330825,2.008086579609603
-3.7222222222222228,2.8590712185,1.7373177474264117
10.0,12.2630327,0.7265839636628452
9.444444444444445,9.554126825,0.613343409490305
5.0,12.480847425,0.6837739778380386
4.444444444444445,7.51613899,0.7584761066717847
16.3,13.060742225000002,0.8236812917044474
13.333333333333332,16.7977698,1.7143434493228504
23.88888888888889,22.21535555,1.0919136500253728
18.3565595711308,20.99398065,1.1926820594755192
32.83831935023612,35.76124375,1.289645242494305
44.73137642853201,37.625907,1.1379003388398246
44.99131414560054,41.93003865,1.0323117674969429
40.51875,36.40792895,1.3473332068573363
28.41372,27.399796700000003,1.3077768655545141
51.0,43.32636065,1.2328279927257229
28.0,43.4203488,1.5669182793084688
16.0,33.7601119,1.7718626466897491
29.0,42.660397599999996,2.0445143358508973
24.0,37.5446467,1.1938481457755388
33.53333333333333,39.00286145,1.055763737975823
16.28888888888889,15.24284695,0.9875433451845874
6.627777777777777,21.01777525,1.0190447621093557
25.07777777777778,37.04738225,1.035660552190619
39.98333333333333,42.103945450000005,1.2967387952246112
13.49999999999999,8.362895394999999,1.7391102581326845
13.77777777777778,24.43976395,1.3399475102678444
9.933333333333334,18.1979824,1.035847582873862
39.88888888888889,34.874172800000004,0.9774198187380162
10.11111111111111,14.11076315,0.7720886760873168
25.833333333333325,27.3441884,0.8944251313613562
15.94444444444444,8.84218092,1.1538336777783427
30.333333333333336,14.3998812,1.0605523836811523
11.94444444444445,9.4789274,0.6705370910638412
44.3,37.0749172,1.3217815118923706
26.111111111111107,27.7822266,1.3554240498208592
3.0,6.023569655,0.5132215541871443
-1.0,7.187028465,0.6070937144036775
16.0,7.47314983,0.6751397281062743
54.0,46.0439964,1.5011927570698205
89.0,70.336752,2.3559606811333706
-6.100000000000001,9.760218824999999,1.788336949409418
1.7000000000000033,11.02071272,1.9098703326215989
7.100000000000001,20.0849269,2.486303692280739
13.3,23.973807049999998,2.3871589773423243
30.52777777777778,27.301645450000002,0.8367811402099734
42.0,19.39186415,1.2663187073824942
125.0,129.092714,5.136674394823545
184.0,179.040949,3.6679981341855123
194.0,198.49498450000002,4.197516573701615
13.67777777777778,11.442854875,0.5437302938630191
79.55555555555556,72.74891025,1.6180771746561877
6.5,24.7920106,1.4632757887188887
27.0,24.7506358,0.8210829124164464
11.7828966465422,19.087080800000003,0.5013390899999302
36.0941780718283,23.48189995,0.9840694022036343
19.0929655438121,40.87746885,1.3341656771645036
8.52363,9.154326215000001,0.9443727853730813
20.672,19.222826700000002,0.9200737049806677
25.61867,28.183014300000004,1.5569023691371102
60.73488,59.5294533,1.8941617491001979
13.718430000000001,14.067482824999999,0.8213027592631377
42.29628,40.1278256,1.1116527393683229
97.67123,101.2691468,2.833841517041796
22.0,28.929249449999997,1.7672962994811108
85.77777777777777,76.25661740000001,2.0745191372010554
1.377777777777778,9.036139525,0.7427333987831611
3.211111111111111,13.92633515,0.827049484029588
16.42777777777778,17.6632049,0.7662129745339055
-3.794444444444443,8.989329975,0.7188685317825668
1.472222222222223,13.878708499999998,0.7977538160406511
32.77777777777778,30.5546778,0.8186891068406477
22.0,24.460711699999997,0.7750911731501483
25.0,24.67314185,0.7291088727668851
42.0,38.0142606,1.4229557974253677
20.0,38.2401965,1.4648253367022979
19.44444444444444,13.3002657,0.9833653864747675
28.333333333333325,19.2008603,1.3218917954270994
28.98888888888889,35.61542205,1.0525423838441175
39.50555555555556,43.060709450000004,1.240472725158924
2.222222222222221,7.733377405000001,0.9291957573044596
39.59444444444444,32.2261637,0.866917684509903
45.36111111111111,38.714208400000004,0.9769238208422334
26.111111111111107,22.005991650000002,1.4284125333344624
31.111111111111107,16.38793135,0.9460943430698473
51.79999999999999,29.3692031,1.0063846873077753
-5.333333333333332,15.179332124999998,1.4602211791381383
18.38888888888889,21.6180972,1.1036540394136485
22.8,23.0069094,1.0904895913955053
35.16666666666666,34.69749415,1.2052778293820574
15.77777777777778,34.69405705,1.2162846172937125
13.11,10.322818975,0.8962232132475423
48.77777777777778,34.5557224,1.648195502292907
9.055555555555555,22.08874845,0.9600703100786818
25.11111111111111,22.25846255,0.8620219356297057
17.11111111111111,26.168587050000003,0.7743459209590663
31.0,35.1845309,1.0374149460566267
8.899999999999999,19.672495050000002,0.8230809066924278
45.53888888888889,37.08398165,0.969661406159701
27.22222222222222,25.0719791,1.3080361768764543
41.63333333333333,24.90718485,0.9352027949602709
12.22222222222222,13.438903700000001,0.7159121079292451
27.0,16.37173275,0.8402599718592655
19.44444444444444,18.29413225,0.5478345095191541
11.66666666666667,25.11064675,0.6863005954549959
16.66666666666667,25.0415539,0.6830245598184981
31.55555555555556,12.010253075,0.8981534841553982
13.0,25.50417315,0.9765038936733899
10.0,9.55454412,1.0345402682241411
52.88888888888889,41.4800805,1.0667853856366065
11.83333333333333,11.68806745,0.9766750973343037
9.3554085939797,20.89999795,1.2189611110829488
47.49709009376561,25.462232399999998,0.9551979033247178
28.658718728874497,23.43212255,0.7608374861796413
21.3223954073874,31.531275549999997,1.0135074646389604
61.97284264510315,39.0907657,1.4399636298200131
44.08587,31.716785249999997,0.7733913097681067
22.30883,23.20309555,0.6937558547525344
22.85712,15.516632725,0.8416241172737559
26.175,27.206026,0.8709548661148018
24.51003,17.94601835,0.9924844888592664
11.10428,8.477285564999999,0.6482184204819514
20.12907,12.263434275,0.919659401495774
12.14592,7.4570779,0.5642785530776256
14.77347,16.061187275,0.9483459932440751
27.291679999999996,29.19956085,1.912969482112954
21.76188,12.403416125,1.2781642390306032
151.7484675,143.792188,2.606522452612819
28.0,21.63031145,1.848691849900683
180.0,183.1099715,8.550970198408868
54.777777777777786,26.0691212,1.357869509970891
21.33333333333333,24.634881749999998,1.1798821565313815
25.0,33.137223649999996,1.4629086440136734
37.7530118203339,41.50917405,1.7180742651686784
20.5018599905235,18.906809799999998,0.8516727650220324
27.77777777777778,44.54695355,3.44371620579908
21.94444444444444,22.063428,0.9989310573838942
2.0,10.266904575,0.6821890371179979
61.0,80.231858,1.9423805948008865
9.0,19.90246195,1.2055936486763195
13.88888888888889,16.665409125,1.3243073306456028
13.0,11.048288325,0.9443738503155397
-2.222222222222222,15.9806196,1.5384966663386355
5.611111111111111,18.8179751,0.9884792185944768
12.94444444444444,27.275104950000003,1.2201132604954725
20.0,18.70461335,0.9407864521586674
38.11111111111111,34.25254075,1.1831338480288103
25.8435034100449,24.68564225,0.9472856616407177
42.60326007686398,28.65887625,0.7207539162908642
11.10428,8.386356465,0.9009383780794937
3.9628799999999997,11.5706132,1.0907998900760179
13.19292,11.662087525,1.1262130134987727
22.30883,13.751977225,1.0372300409118065
16.36608,18.808803,0.5145774667147077
32.95548,27.663795849999996,0.9157140055336324
-15.55555555555556,10.9030663,0.8727063112561404
21.11111111111111,14.930723850000001,1.0780905720425236
43.88888888888889,35.4046275,1.4562171393704524
67.11111111111111,76.6272763,1.4864604817292848
68.44444444444446,76.52145809999999,1.381896737614834
5.555555555555557,17.7427083,1.3557928820627871
28.888888888888893,23.52180945,0.6627886291200933
20.55555555555556,17.4711042,0.6691042814617001
70.77777777777777,64.63788155,2.925193358361722
72.77777777777777,73.0169286,1.8169007663044283
212.77777777777777,167.1607565,9.061733007339612
14.77777777777778,11.1846314,1.967271899701272
13.0,21.772947,2.0010135901378114
2.0,9.1954469,0.6352824627186795
81.2,86.90152085,1.797076472503549
41.26111111111111,35.023364150000006,1.0570828266677716
42.29628,36.788601899999996,1.582213768270597
25.0,20.68615385,1.2206316202913046
22.79444444444444,28.490959049999997,0.941452162109236
37.77777777777778,26.383932699999995,1.9362590622325822
51.54444444444444,45.20419465,1.7168586681584699
146.0,143.1409955,2.4503614207413627
20.0,14.403588475000001,0.8069785982570952
20.0,23.27951855,0.9748364251898318
28.333333333333325,14.635010274999999,0.6259201836640924
35.55555555555556,23.44329605,0.786822484588652
6.666666666666667,23.13199285,1.5100750941861094
8.266666666666666,17.404807650000002,1.0330987328182437
7.777777777777777,8.56068064,1.5459544679578041
25.03333333333333,17.385579,1.1024424683124483
59.334320664390155,62.187536050000006,2.286820686655476
110.1667716619761,114.14505045000001,2.7999632755392447
109.5124975710581,96.8344439,2.4627368151802362
103.2451045457058,82.4074016,1.9161797961806983
139.5124975710581,132.03170500000002,2.7234545907793013
14.0,17.303663750000002,1.2093783741690929
11.0,10.896943,0.7031923451470966
-3.0,6.987528935,0.7029365732648185
2.0,22.564602999999998,0.9369210139141375
35.0,46.34052055,1.6600714898194335
18.0,12.536142524999999,1.1712365604090977
50.0,37.401678,1.450661764258172
51.01468890863074,42.537886,1.3269677768413861
75.77777777777777,76.74801225,2.474423173992548
20.55555555555556,25.64418925,1.6778119145808827
37.22222222222222,31.730289500000005,1.7885496129167284
37.77777777777778,28.609794649999998,0.8995834258071178
3.0,9.05808369,0.8109577436661516
4.0,15.11996705,0.7940036334893318
36.0,28.6397472,2.5041075364151433
45.0,56.382572100000004,2.212568301607122
59.0,74.7837771,2.10769161711245
77.0,68.96265815,2.6438620682174756
73.88888888888889,47.508204649999996,1.68639161684431
16.11111111111111,18.714093249999998,1.3658622915704157
15.55555555555556,29.355417449999997,1.0783597901076905
64.0,61.2462325,1.1681017109636296
25.0,26.00818,1.586444519219065
25.0,28.8842656,1.7170879014453329
86.0,78.5372962,1.7977610328582414
82.0,73.16282155,1.867096837327279
27.883333333333333,22.61000695,0.9916443858303698
43.39444444444445,43.968457799999996,1.2368522156232178
32.77777777777778,27.73640335,1.330128806237884
19.44444444444444,34.41451795,1.381309852756985
17.77777777777778,27.645266099999997,1.2865832877535062
11.05555555555556,13.592428949999999,2.1267707597162038
42.94149289905726,47.90810675,1.0258714732840495
66.275730724753,60.82397565,1.1418285146564036
47.0,48.561576,3.561259696072489
138.0,128.52477704999998,7.121121016302532
49.0,72.37612855,2.1247347772613256
72.0,53.8554233,2.265638145485983
116.0,100.80536375,2.8298192229754613
64.77777777777777,58.664621149999995,4.905567845317553
41.66666666666666,37.682726450000004,1.1520025917466035
98.77777777777776,85.69196029999999,1.7159426336390822
62.222222222222214,51.1232483,1.6002888469493022
73.39188965113698,77.7119635,2.1119624220820485
13.4,17.8129345,0.7192978837323528
19.44444444444444,36.1230679,1.1260966213997723
36.58333333333334,50.2272622,1.1222430800969718
29.6,26.0712234,0.7703225516797219
42.78888888888888,29.485929399999996,1.608957502407967
29.0,40.780716999999996,1.1173134938714198
28.0,44.535300050000004,1.5629969718816832
55.0,54.10218185,1.2253709675791329
17.77777777777778,30.5395896,1.0328600247566746
35.25852,52.260458549999996,2.410982323776401
9.55187,6.681520575,0.4015620852221101
27.291679999999996,26.365917200000002,1.1626782943178442
7.500749999999999,7.08869241,0.4712874047730143
17.43452,16.702376425,0.9351668774667874
30.106829999999995,30.73271345,1.5287984678240303
-0.97732,4.58689837,0.87983873567589
21.21627,22.4897165,1.4366013701671956
37.583,44.21206495,1.3924300269693406
9.03708,8.619039449999999,0.49299657536909436
13.19292,11.812283475,0.5768659377395617
23.95772,21.4915768,0.5607996446929568
10.58547,13.369917775,0.6122876082021482
34.68075,35.6767625,1.2201084721005455
132.447,158.548506,3.8758726635231935
2.96412,5.573628785,0.706385701486665
20.12907,16.094235474999998,0.5057240474443677
49.527,42.3146928,1.0524739727014933
45.88751999999999,42.1226969,1.182869907908367
48.30848,42.3865597,0.9060118161109957
87.19568,81.67061745,1.8416507090715737
48.91707,49.438849,0.9271039438467574
141.01347,135.7575015,3.486345346764741
31.111111111111107,26.003549900000003,1.131789338436866
89.77777777777777,88.55253915,5.372387349742163
92.77777777777776,80.07882125,2.2176017443048677
58.33333333333335,48.9125945,1.7314324067553069
36.55555555555556,34.33445225,1.1804182748304397
15.0,13.597340399999998,0.8542915834659145
3.0,11.749631925,0.8026232434029624
30.0,23.54543155,1.64670710960218
51.0,30.011748949999998,1.0445257332254454
40.0,35.740840500000004,1.1119332579335832
9.0,20.51204595,1.327169349671639
23.88888888888889,26.4576149,1.713430578779122
32.22222222222222,31.17280075,1.1267914432797248
38.88888888888889,40.7835226,1.2852030393289462
23.33333333333333,25.46960265,0.8626510666219126
38.5528997026742,29.93146395,2.0407598334847195
1.47603,5.12154812,1.041765656441286
5.47107,5.8062775,1.0034993746761653
4.967000000000001,17.6768414,1.4615002113236206
12.14592,18.0639712,1.498279142355712
15.83387,17.7648131,1.4685370243985534
41.10992,51.706970999999996,1.5868174851061925
32.95548,33.2850009,1.3015279829662922
152.95632,153.8608445,3.436342988328814
218.10048,206.95294049999998,5.786713179013014
-4.594532500000001,9.274755445,1.2485192299432795
16.0998075,9.764028125,1.2398077359811615
23.1317675,18.17987255,0.9131978122754573
116.91486749999999,120.32518535,3.4337281163576523
53.0,47.969997,1.1652619545390233
54.0,54.024221350000005,1.5923041416369998
43.0,56.39682689999999,1.6156544004291236
50.0,63.32916705,1.699487896250158
21.0,19.92003965,1.3340400750474306
39.0,27.60981265,1.8563738475756633
70.0,60.735810400000005,0.9137450731802617
63.0,70.34532045,1.2619359726826338
77.0,102.18911795,2.3796173177865896
33.0,32.48644405,1.6581687775140581
87.10555555555555,61.9229972,1.9913777709487994
31.111111111111107,23.4783759,1.3266589980131491
68.49444444444444,58.7591173,1.2993289982082072
30.048388550168404,39.08353715,2.1401530477378725
15.83387,16.9648797,0.5188269948747344
13.19292,18.3907751,0.5268657931699696
17.43452,18.5959814,0.6021495762756863
67.14908,61.168980499999996,1.3808283738829228
92.04675,87.9724928,1.9736364960721509
30.0,44.0630168,1.6985324493144889
57.0,48.31175095,2.2249670187541515
80.0,86.9468886,2.1798473571827137
57.222222222222214,59.7502792,1.4275949360675997
75.33333333333333,66.78880265000001,1.6428717474644743
27.22222222222222,48.9571945,1.6449032178151652
15.0,10.008499650000001,1.0790940738870793
16.42777777777778,25.31285535,1.2760018014260215
37.22222222222222,36.33699125,1.1628418347787768
54.44444444444444,51.572228599999995,1.061660897594668
77.0,77.50243105,2.004129388818326
16.11111111111111,7.802051365,1.1874951625421621
185.1777777777778,155.6439275,5.2050076293840455
77.2059,94.8968873,2.1214788682308403
113.56199999999998,91.0916663,1.9920859444546832
105.39200000000001,100.06885125,2.0377736182882966
95.1797,122.74252644999999,2.0204037933202863
159.722,154.8546315,1.310088264801772
167.484,163.7698905,1.2923275695853025
235.294,210.0921195,5.058993548057676
23.95772,15.599720350000002,0.9797774228236616
38.16747,28.986034999999998,1.3990718102251336
25.61867,14.798062125000001,0.9290787869803857
26.175,13.9885349,0.9059506767668599
44.08587,39.4628919,2.0236818186595324
48.30848,36.34618535,1.9344286661391994
13.718430000000001,8.784633889999999,1.921902088203232
38.16747,20.425619599999997,1.2674767119577803
21.76188,23.54688955,0.9517806381236157
27.291679999999996,27.7040595,1.654130182405672
35.83763,39.7604847,1.8922355690134327
40.51875,41.3212018,1.5093396339009912
19.58748,22.371229449999998,1.132908244754714
142.154781675,146.928153,3.127327846614673
1.352566875,7.423135954999999,0.4347304391387919
4.841191875,7.501225725,0.4892543422782801
11.494266875,9.6478526,0.6207338345596238
6.864171874999999,9.60813275,0.5506169192826375
9.938841875,15.176676175,0.595132212315339
20.536141875,15.332392075000001,0.6406128842948241
16.766116875,18.0163126,0.5981863214694023
66.33997687499999,56.4683184,1.371933840468855
69.58895187499999,64.13127490000001,1.6987106771940113
64.406671875,63.819955400000005,1.8804257551520334
70.897921875,64.97276255,1.3060569720354323
66.987091875,64.6517469,1.5574668784571775
81.562641875,81.11326605000001,1.9479321417996986
127.651921875,120.24368005000001,2.9883803232457304
80.0,93.7816653,2.4305833813346807
50.0,52.7400575,2.130970983408058
53.33333333333335,36.834862,1.7970132314155407
38.88888888888889,45.4535889,1.0781494754693481
49.42777777777778,55.43834355,0.9443540100343999
44.8111111111111,55.488802,0.9231735802742168
77.0,84.18838025,1.9423964928645232
67.19999999999999,75.717853,1.6724455393079531
58.88888888888889,61.4870197,1.3163163284256598
24.44444444444444,19.24526225,1.240358354023414
34.16666666666666,19.52367975,1.4330838212220187
36.66666666666666,35.51362625,1.545736137157951
162.72768,150.323076,3.084930927070113
87.0,100.7683512,3.4054033928619747
52.777777777777786,62.255907,2.0940893905640836
104.7777777777778,129.5671245,4.08072600320828
51.66666666666665,47.271128700000006,1.0365317992474556
48.33333333333334,51.32551105,1.1106500551658662
72.71666666666667,56.87419495,1.046937531483158
130.5555555555555,91.77212130000001,3.772788364683161
18.42222222222222,1.8715432185,1.2756041926436237
23.06,21.2620857,0.904295709560592
28.588888888888892,33.17268995,1.3014413298138041
60.13675642388536,59.7007304,2.4091388741864277
75.0,77.64566099999999,1.3130434929708767
51.18888888888889,48.32430065,1.1177743433492828
103.3333333333333,92.9388018,2.8492618843024218
128.7722222222222,115.94180839999999,3.3785765560836465
58.0,58.016136849999995,1.6554230459887154
52.61111111111111,52.49258615,1.640025652677365
38.8,100.9279353,9.54297157833703
67.77777777777777,106.32159549999999,2.268501660704347
39.44444444444444,55.623258250000006,1.6241287563161484
62.222222222222214,57.901043800000004,1.8125883629345205
85.55555555555556,78.639549,1.6472899580859304
86.66666666666667,95.5866753,1.6101538935605577
31.111111111111107,40.37367305,1.0780301642319894
47.65555555555555,46.4588035,1.3006649228539962
45.10555555555555,45.8812195,1.0072813004694996
66.11111111111111,60.738652849999994,1.9180107154201342
77.85,75.42524125,1.2576254566987446
33.88888888888889,48.3497179,1.228026786634769
63.88888888888889,77.8582427,1.3119886569307104
22.77777777777778,26.557481000000003,1.1317623906023269
67.22222222222223,81.8630432,1.926793646028813
153.76323,153.8343395,3.505061579803626
115.0,108.88540075,2.515749050177655
102.0,94.79865099999999,1.4112540743532438
88.77777777777777,81.8200456,1.6613217519172532
90.77777777777776,84.1670159,1.6893936252197588
56.11111111111111,56.8691592,1.1409037187226714
66.11111111111111,63.1256312,1.0269999981040123
86.8111111111111,80.21726335,1.395513971027813
76.11111111111111,89.3579024,3.047046493627963
70.49444444444445,68.05764655,1.1579897098714922
78.27777777777779,86.57921354999999,2.294586687589465
44.66666666666666,52.090167199999996,1.7226962776792536
35.83763,39.61434105,0.9332298981827332
22.85712,21.952592000000003,0.603592914154112
42.89147,39.3238432,0.899956691500009
42.89147,43.7222445,1.3813745796600951
85.82172,77.97600005000001,1.6297310674419
88.88888888888889,69.9498501,2.0912091781746174
138.7777777777778,123.64958334999999,2.489373666351827
-17.77777777777778,5.7797399,1.347292951495613
131.7777777777778,107.62249425,3.426299708348608
-20.55555555555556,-4.66820442,2.270994528988487
89.0,70.674342,1.8160706085356217
114.0,116.65838550000001,2.5616551191588792
63.0,92.2709959,4.163967885285087
86.0,119.07928569999999,6.392859334817521
91.11111111111111,94.99494150000001,1.794369295142137
119.0,117.03638575,1.8348620579244719
101.1111111111111,82.1889639,2.3492794989175305
82.05555555555556,72.45666385,2.4554843160457462
78.72222222222221,80.1288313,1.6243799317980112
56.66666666666665,55.5825407,1.4632224360588186
66.11111111111111,62.1753381,1.5121193203691554
50.0,44.057181400000005,1.121734826085795
69.01666666666668,80.2606839,2.4928492139846923
48.88888888888889,58.0355405,1.1667783529214333
37.77777777777778,45.22051985,2.511312423651914
60.31666666666666,64.9130117,2.478258228856694
68.52777777777777,69.14347845,2.473623443260737
51.66666666666665,48.3318703,1.494031226210312
61.11111111111111,53.101218800000005,1.5380885695597233
44.68508,46.57928595,0.9890437722665827
58.20672,48.9510084,1.478214368567286
20.12907,16.183976875,0.6921132850354221
52.59675,51.5302006,1.3910588205177572
40.51875,42.9447564,1.5234302404071518
83.77082999999999,88.43905175,1.6401932870655629
43.488,40.014092649999995,1.159131293164673
68.0,62.56199410000001,3.201402986589556
59.0,61.687537250000005,3.2710456674563297
62.4335,68.27266955,1.364754896383595
87.5449,87.72400525,1.4832199954635996
60.9969,56.1536465,2.0249169600413777
36.8329,51.872950349999996,2.1782155238643437
72.5474,68.60961105,1.3966294246583513
108.476,108.235727,2.008332824569493
86.0,79.3807913,2.15230117385485
119.0,127.75513799999999,4.0102154092057996
85.77777777777777,79.404132,5.648485412125952
40.0,51.51515245,2.151853971764383
62.777777777777786,66.0651782,2.2206752142085446
120.7777777777778,102.37971005,3.9618550934236616
80.77777777777777,83.0990931,1.335984404056264
76.77777777777777,78.90412895,1.2885023830880677
35.55555555555556,26.1676091,1.2308218664610762
31.666666666666675,16.563536675,1.17603341253622
115.55555555555561,117.7946044,2.1360984222025343
57.11111111111111,49.394088499999995,1.8081562456154208
30.106829999999995,25.0636764,0.8796792545148069
17.97075,20.18086045,0.648131311081447
50.13827,44.44367045,0.7091255454251165
74.35947,85.3501966,1.4299853692148266
67.79787,68.28384105,1.1224958173003976
37.583,41.38290535,0.9323888282982568
103.0,82.93176439999999,2.9159924971835345
56.11111111111111,64.18007975,2.065496945754875
-4.444444444444445,8.422100605,1.4755954771269018
14.333333333333332,21.57950055,1.521927735507227
74.77777777777777,59.825354749999995,1.4738199113339856
124.7333333333333,114.9117933,2.9563403284644654
78.66111111111111,68.54740855,2.1949129482032
94.21666666666668,85.33136644999999,1.837638934658317
59.44444444444444,48.58616555,1.3435577180027611
78.88888888888889,80.35931880000001,4.611044061062236
92.38888888888889,75.79283765,2.3458397642972626
115.8,110.8330226,1.8826840289166222
130.6,128.07069445,2.2677318132477753
43.88888888888889,39.25504625,1.026082252883055
40.37222222222223,52.396608,1.4701725621651567
15.83387,17.06373055,1.1505081861918545
23.40675,29.44209265,1.1591574419502557
19.58748,24.482910699999998,1.0022956112299664
32.95548,29.08040055,1.2571418860844825
38.16747,44.34468415,1.426258479792506
19.58748,22.800233499999997,1.2112061662770413
38.75328,42.517111799999995,0.9858060633688571
77.69051999999999,75.62883675,1.0514715261796277
89.26666999999999,99.83768,1.4934210939250216
13.19292,16.530468550000002,0.7769037976859086
154.57148,142.338507,2.4599760568541704
51.36483,53.2527868,1.4398443349323207
79.70523,72.87193740000001,1.2967707168700755
4.967000000000001,16.745344025,0.9405752851301125
27.852030000000003,23.8830959,1.0581436221745737
63.92523,58.40485245,2.0869978475545996
174.37148,160.43409200000002,4.066557853469793
269.09052,247.40492049999997,4.186555740157667
109.90799999999999,99.59070525,2.9330933133633352
89.95968,101.90995050000001,2.7867489132854697
38.75328,43.085121650000005,1.3424115601445836
102.66299999999998,99.2349672,1.845657488693437
99.09075,97.0848197,1.3297477926936365
47.70123,47.08079705,1.4825538862976135
69.75228,75.0585055,1.623319957214794
44.68508,45.63574235,0.6578635671191754
12.66875,13.078325975000002,0.5717925961034267
18.50832,16.1120804,0.7286371114971316
64.56732,63.082049700000006,0.9325879552501155
48.91707,57.05658115,1.1410393271625694
150.688051308,159.9929895,3.6305695982042514
107.0,112.52599119999999,1.6820345224570838
198.8888888888889,190.65440900000002,3.256808474867282
23.95772,20.2240809,0.944726077097923
23.40675,21.600768600000002,0.7698907902133978
87.88467,87.56453045,1.4867119064771415
19.04723,18.5653574,0.8937533619520956
41.70243,45.34458475,1.1489469813537452
62.64507,59.8378891,1.7079959841064858
39.34043,42.7148634,1.4041093448470374
41.70243,42.759342149999995,1.4443331683900025
187.586424768,170.434668,3.618562873147585
67.36519444444443,61.6759355,1.4842017072191582
64.1391111111111,65.3431878,1.5271744293467213
84.68084777777777,89.62191315,1.414614438490661
104.3415144444444,105.97310780000001,1.5542221056303183
100.0400744444444,105.84870205,1.6310369526482336
112.3527777777778,116.31648455,1.7510611447693376
115.80048,108.7084419,2.313374370291834
112.10763,108.50871785,2.6890430946777784
183.70443,178.697848,2.7852764778301013
87.77777777777777,83.39244105,1.3508624037241215
96.66666666666669,83.80337605,2.0137271446590774
60.55555555555556,60.28164695,3.77570887468757
60.0,60.768346550000004,2.8614618775217804
122.53203,133.65724300000002,3.318224885616915
28.41372,26.29126675,1.2848574549822074
172.683616067,168.69244750000001,3.443527412546121
60.55555555555556,58.49955285,1.7384539138189568
100.5555555555556,91.69976885,2.124266433374224
199.5,206.5076645,4.548196167089901
60.13675642388536,57.2524231,1.8527427445677709
82.67777777777776,97.53519125,2.0975203832750715
124.44444444444439,108.3929553,1.9316656304421238
125.94444444444439,109.0413715,2.892657129913958
106.11111111111111,111.6331026,3.042211622261611
86.0,81.53772885,2.1047129065944574
78.0,81.55875545,2.0638295068144177
84.0,83.38684794999999,2.5541357901428787
85.0,83.6545384,2.563743647714894
72.0,85.11153635000001,2.001115905314732
120.0,119.15317325000001,3.0509111118257586
92.77777777777776,81.25676475,2.7265606595139453
98.77777777777776,89.8067614,2.7909621204990755
87.77777777777777,95.0519262,3.3949586533631972
47.5,44.3332812,1.7775995357627241
101.6666666666667,86.1265505,2.452437211233638
97.77777777777776,85.75877729999999,2.077053510000243
68.33333333333333,51.8829667,2.4881264825155838
39.92892,44.62886085,1.1266412794035339
73.03643,71.3016616,1.3992586985139612
126.218,137.674318,3.2880145577642206
171.7777777777778,154.9789375,3.7859088337786067
183.7777777777778,180.45812,4.184064231234355
32.77777777777778,44.7160889,1.9733284270976192
60.02222222222222,58.51116315,1.8401773057223043
76.35408,83.39390495,0.9856683204734196
87.19568,104.58670850000001,2.0521727550232822
118.77888,124.09424285,2.112159645492521
80.55555555555556,97.8607393,1.8497464614777
182.089323507,170.8090635,3.8219286262997163
157.7777777777778,145.99095,2.797638291128697
93.88888888888889,119.91127175,3.0843014566341393
92.22222222222224,108.99660775,2.9511579836746322
31.812,29.612613599999996,1.0625749741380432
70.40643,61.3151875,2.0037804246320974
172.256213168,188.0304075,4.344528023762977
178.7777777777778,146.8008365,3.339325632188685
116.6666666666667,105.6965094,1.8999757478486914
145.3666666666666,136.39415300000002,2.2685186832196993
63.88888888888889,72.60155045,2.0724494907428666
82.77777777777777,82.35631275,1.7951101634055464
14.24528,20.00460075,0.6748081446439249
50.13827,48.3130151,1.1985645903495905
98.38032,99.11524525,1.8286545972944674
68.448,59.7774711,1.5307531270843853
155.1380523,172.974772,4.310232140792674
19.1551728,31.8251843,1.1060529478984027
36.5343308,32.24789865,1.3808242286887642
27.964260799999998,35.12470415,1.2802455746821346
33.0701228,35.1330194,1.2053591068029392
30.7874508,35.05043015,1.1427178301505254
29.089516800000002,35.1184682,1.2287540226879639
49.0389488,45.31859765,1.0882768082496426
63.4125228,64.7188573,0.9433242014260061
66.6310128,69.87295495,0.9688323149015676
62.77284480000001,60.876412800000004,1.5389685476360837
90.7930608,84.6933061,1.690181202992119
82.54608479999999,84.2905706,1.5677728688000778
111.5198828,108.52014645,1.6200041463418493
116.6917488,108.80166019999999,1.3466583920066568
127.9954188,135.2896965,2.103498574709027
92.74512,90.02477265,1.9954084108217653
171.85427,155.530434,3.3042390882421606
229.09391999999997,217.324859,3.3109647394232655
104.5,99.9003027,4.17788145178474
91.66666666666669,110.4294057,3.6260520375044116
92.22222222222224,90.34195825,1.7868364172162743
100.0,109.80459645,2.3055700108521058
38.16747,30.433124599999996,0.9678382584923549
37.583,33.39344705,1.130303012002929
85.82172,82.643173,1.4839204122157421
109.90799999999999,102.46618635,1.5028482978099027
29.54112,27.947136899999997,0.9061924264781792
122.53203,116.32788450000001,1.740710930559197
27.852030000000003,24.012603849999998,0.845855615664945
34.68075,27.379305,0.7754470443753888
99.09075,97.12508195000001,1.6001297489622994
123.28668,117.42721429999999,1.9028409636030268
182.84928,162.62578249999999,2.6344259749164474
131.67627,128.2708085,2.1941352238836846
76.35408,69.6973739,1.168107918388803
103.7777777777778,94.01974440000001,2.3929880558068524
140.7777777777778,119.66961445,2.670104222932105
108.3333333333333,131.7733015,3.83977676906281
112.2222222222222,123.0653992,3.095801594216504
58.88888888888889,61.65957065,2.663223354633043
141.6666666666667,131.96218174999998,2.4092539785264364
80.55555555555556,73.0092816,2.6946169331381
137.09952,135.0360635,1.921696650170515
34.10432,32.78206785,1.2128314293202838
17.43452,13.673152250000001,0.9629600172925078
26.732669999999995,29.449780049999998,1.1824395028796
148.94187,160.0061585,2.768986307655171
85.82172,88.88592245,1.759615642399497
94.14588,97.52252795,1.8447561736815674
180.29187,180.77739300000002,3.7323746051106443
134.76723,142.60864650000002,3.81581072138746
102.75,103.21572799999998,3.7214796965381103
67.77777777777777,86.61923205000001,3.22596623704472
106.7777777777778,110.67608245000001,3.2463718829661694
106.7777777777778,121.03137469999999,3.259012564675029
45.88751999999999,39.8873661,0.7513779121821801
45.88751999999999,44.8768205,0.8869592079129859
39.34043,39.7829504,0.8466673169407342
41.10992,43.8574602,0.7421976349484802
30.106829999999995,25.94291225,0.7253755852304429
60.100829999999995,51.996722049999995,1.072615356763746
36.41808,32.4463585,0.9861035056901329
53.21472,41.69369375,0.6511693791444395
64.56732,63.774494649999994,1.5291149372245307
53.83403,55.80766175,1.5413143470910868
62.00699999999999,59.0052818,1.3104630995160134
28.41372,30.085484400000002,0.8488170236921622
32.95548,37.3214502,1.0258233754221462
73.69728,68.046064,1.3497009598664527
85.13674999999999,87.09481009999999,1.8771299937850792
95.552,103.19840585,1.585614983109719
65.85552,55.71511685,1.3632039439654564
49.527,52.8995395,1.5706257905640661
96.66666666666669,94.4572405,3.5712478797129985
125.55555555555561,109.2542874,3.1230417903487737
17.77777777777778,35.158921,4.11148292595469
101.94587,99.35018675,1.3685581932548725
74.35947,76.32315385000001,1.4064874743237152
135.54332,119.50677255000001,1.562310381295847
96.25707,87.07841965,1.3477480188169733
67.79787,63.88754635,1.6139180852750616
97.67123,99.12212070000001,2.4036077744636315
199.616723163,201.158623,3.51334421990622
121.7777777777778,112.4301844,3.2265218414476053
70.40643,68.7325666,1.3485856620490448
86.50803,84.4561674,1.5256785361381249
88.575,87.60696195,1.53749372869028
102.66299999999998,106.70391709999998,1.6870612893513643
38.75328,32.832277,0.9060856270759283
82.41027,75.0193894,1.3506117372151412
101.23008,98.72471064999999,1.569969008316148
125.55867,132.4733035,1.7511416599983718
90.65403,89.5109481,1.602987310569399
64.56732,64.38033229999999,1.106024175069568
30.106829999999995,30.434524800000002,1.042925559896249
58.83674999999998,61.48791945000001,1.1855231739767214
30.673880000000004,27.8198102,0.7629704696264874
62.00699999999999,56.5295882,1.094591842993429
54.45468000000001,45.04103895,1.5431256198093686
50.75088,52.0834296,0.8943523859023352
66.50163,59.1393689,2.149221878688213
62.00699999999999,68.86547395,2.2485944127921464
63.92523,55.50257985,1.4717529033457202
112.84351999999998,120.93460445000001,2.6289863709980135
34.10432,38.2820136,0.8751402677012102
65.21075,66.4146291,1.4425092571593094
101.94587,112.20396654999999,2.217448609648211
126.31868,141.553585,3.095763586948941
102.66299999999998,91.2259755,1.6416720656563148
62.64507,61.622394799999995,0.9916856324480338
69.75228,75.1917423,1.2905040911626304
29.54112,29.86717515,0.5624410022853175
56.32466999999999,53.4030834,0.9725245046603093
106.99392,115.9738644,2.1494706258059133
79.03232,75.0884406,1.7187685521621614
57.57803,58.77083765,1.3121587210264696
53.83403,57.65362365,1.2188375496673403
45.28563,51.4342991,1.3193866325593508
35.83763,34.5560952,0.7882201765400327
34.68075,32.1938468,0.7532992445719671
35.25852,35.6845256,0.9319185302482982
30.673880000000004,37.59106765,0.6908917417485501
36.99987,45.0860545,1.4322598457953928
50.75088,46.185240199999996,1.5100075351865172
32.38307,30.765702249999997,1.0835292033451502
28.41372,38.9858409,1.0846849424956693
26.732669999999995,30.3472831,0.8378189092048166
50.75088,52.07880014999999,1.730717248937356
189.728,200.1351865,2.924456907485509
25.61867,29.2242686,1.227916374538823
54.45468000000001,49.04078085,2.0348340151859605
97.67123,92.0980674,1.882139822833139
219.91932000000003,204.68512149999998,2.531489311611426
211.77675,220.45770149999998,3.60706742705903
171.85427,181.463236,3.798551570769271
88.88888888888889,90.53191505,3.0004117331623807
47.09532,54.057806500000005,1.6841532423118226
28.41372,31.96743525,1.2810466582358948
48.30848,43.37344715,1.3605587240902655
62.00699999999999,55.76386105,1.1941882315183805
79.70523,72.16034635,1.7509396046684007
26.175,31.96427215,1.6770822439273976
71.71875,60.4223651,2.150039073848828
84.45312,85.2927918,2.228792427093097
64.56732,55.62426094999999,1.9722216905965522
99.09075,114.58878995,4.668017865152771
101.94587,99.2298469,3.9930594636191175
