r2_score,mean_absolute_error,root_mean_squared_error,rmse_over_stdev
0.9735240534055868,5.596175137819408,7.508694344005439,0.1627143097407634
0.0,0.0,0.0,0.0
